Title,imdbID,Actor1,Actor2,Actors-3,Director,Actor1_Rev,Actor2_Rev,Year,YT_Count,YT_Likes,YT_Dislike,IMDBVotes,imdbRating,Budget,Revenue,Rated,Released,Genre,,
Pirates of the Caribbean: At Worlds End,tt0449088,Johnny Depp, Geoffrey Rush, Orlando Bloom,Gore Verbinski,104642616,152387163,2007,2274557,7351,156,493768,7.1,300000000,309404152,PG-13,25-May-07,Action, Adventure, Fantasy
Spectre,tt2379713,Daniel Craig, Christoph Waltz, L��a Seydoux,Sam Mendes,372774112,178248658,2015,25936462,48171,2427,304624,6.8,245000000,879620923,PG-13,6-Nov-15,Action, Adventure, Thriller
The Dark Knight Rises,tt1345836,Christian Bale, Gary Oldman, Tom Hardy,Christopher Nolan,217742101,152878928,2012,68870480,209174,6339,1201640,8.5,250000000,1084439099,PG-13,20-Jul-12,Action, Thriller,
Avengers: Age of Ultron,tt2395427,Robert Downey Jr., Chris Hemsworth, Mark Ruffalo,Joss Whedon,362607942,360722214,2015,99530702,575881,13615,506752,7.4,250000000,1404705868,PG-13,1-May-15,Action, Adventure, Sci-Fi
Harry Potter and the Half-Blood Prince,tt0417741,Daniel Radcliffe, Michael Gambon, Dave Legeno,David Yates,15580079,17767513,2009,5872480,12461,436,347079,7.5,250000000,301920409,PG,15-Jul-09,Adventure, Family, Fantasy
Batman v Superman: Dawn of Justice,tt2975590,Ben Affleck, Henry Cavill, Amy Adams,Zack Snyder,148995615,134307331,2016,63255285,358249,22034,458731,6.7,250000000,868160194,PG-13,25-Mar-16,Action, Adventure, Sci-Fi
Pirates of the Caribbean: Dead Mans Chest,tt0383574,Johnny Depp, Orlando Bloom, Keira Knightley,Gore Verbinski,104642616,121024732,2006,696056,1238,47,546306,7.3,225000000,423032628,PG-13,7-Jul-06,Action, Adventure, Fantasy
The Lone Ranger,tt1210819,Johnny Depp, Armie Hammer, William Fichtner,Gore Verbinski,104642616,63207483,2013,9244150,19930,1016,188527,6.5,215000000,260002115,PG-13,3-Jul-13,Action, Adventure, Western
The Avengers,tt0848228,Robert Downey Jr., Chris Evans, Mark Ruffalo,Joss Whedon,362607942,332441346,2012,148923848,740537,19643,1037900,8.1,220000000,1519479547,PG-13,4-May-12,Action, Sci-Fi,
Men in Black 3,tt1409024,Will Smith, Tommy Lee Jones, Josh Brolin,Barry Sonnenfeld,218238397,88956281,2012,20121821,73063,1476,276423,6.8,225000000,179020854,PG-13,25-May-12,Action, Adventure, Comedy
The Hobbit: The Battle of the Five Armies,tt2310332,Ian McKellen, Martin Freeman, Richard Armitage,Peter Jackson,187715569,231173787,2014,48363626,213551,5863,379700,7.4,250000000,955119788,PG-13,17-Dec-14,Adventure, Fantasy,
The Hobbit: The Desolation of Smaug,tt1170358,Ian McKellen, Martin Freeman, Richard Armitage,Peter Jackson,187715569,231173787,2013,21039438,88637,2480,508689,7.9,225000000,960366855,PG-13,13-Dec-13,Adventure, Fantasy,
Monsters University,tt1453405,Billy Crystal, John Goodman, Steve Buscemi,Dan Scanlon,99925140,112889565,2013,7795859,21639,1703,249616,7.3,200000000,743588329,G,21-Jun-13,Animation, Adventure, Comedy
Transformers: Age of Extinction,tt2109248,Mark Wahlberg, Stanley Tucci, Kelsey Grammer,Michael Bay,144799396,80578374,2014,14961576,33050,1783,251855,5.7,210000000,1104039076,PG-13,27-Jun-14,Action, Adventure, Sci-Fi
TRON: Legacy,tt1104001,Jeff Bridges, Garrett Hedlund, Olivia Wilde,Joseph Kosinski,101324047,79943701,2010,15416553,29028,1100,271531,6.8,170000000,397562763,PG,17-Dec-10,Action, Adventure, Sci-Fi
Toy Story 3,tt0435761,Tom Hanks, Tim Allen, Joan Cusack,Lee Unkrich,57619771,15245929,2010,15054470,12218,1889,577064,8.3,200000000,414984497,G,18-Jun-10,Animation, Adventure, Comedy
Terminator Salvation,tt0438488,Christian Bale, Sam Worthington, Moon Bloodgood,McG,217742101,38715291,2009,2217579,2636,311,294545,6.6,200000000,365491792,PG-13,21-May-09,Action, Adventure, Drama
Furious 7,tt2820852,Vin Diesel, Paul Walker, Jason Statham,James Wan,108476005,54654188,2015,94463807,447900,13192,293887,7.2,190000000,316986481,PG-13,3-Apr-15,Action, Crime, Thriller
X-Men: Days of Future Past,tt1877832,Hugh Jackman, James McAvoy, Michael Fassbender,Bryan Singer,87210690,19626708,2014,73307082,251047,11121,540747,8,200000000,199305306,PG-13,23-May-14,Action, Adventure, Sci-Fi
Star Trek Into Darkness,tt1408101,Chris Pine, Zachary Quinto, Zoe Saldana,J.J. Abrams,100914781,98366487,2013,11260909,26507,1440,414250,7.8,190000000,467381584,PG-13,16-May-13,Action, Adventure, Sci-Fi
Pacific Rim,tt1663662,Charlie Hunnam, Diego Klattenhoff, Idris Elba,Guillermo del Toro,43624368,37958538,2013,26091638,75528,3595,396073,7,190000000,411002906,PG-13,12-Jul-13,Action, Adventure, Sci-Fi
Star Trek Beyond,tt2660888,Chris Pine, Zachary Quinto, Karl Urban,Justin Lin,100914781,98366487,2016,8133859,42089,2876,154036,7.1,185000000,336398312,PG-13,22-Jul-16,Action, Adventure, Sci-Fi
Rush Hour 3,tt0293564,Chris Tucker, Jackie Chan, Max von Sydow,Brett Ratner,56274162,54210376,2007,3941177,17027,590,125309,6.2,140000000,140080850,PG-13,10-Aug-07,Action, Comedy, Crime
A Christmas Carol,tt1067106,Jim Carrey, Steve Valentine, Daryl Sabara,Robert Zemeckis,36465685,3909360,2009,3450728,5022,304,77870,6.8,200000000,137816456,PG,6-Nov-09,Animation, Drama, Family
X-Men: Apocalypse,tt3385516,James McAvoy, Michael Fassbender, Jennifer Lawrence,Bryan Singer,19626708,32026982,2016,76455675,446323,26648,253845,7.1,178000000,135729385,PG-13,27-May-16,Action, Adventure, Sci-Fi
The Dark Knight,tt0468569,Christian Bale, Heath Ledger, Aaron Eckhart,Christopher Nolan,217742101,72457700,2008,40758213,114690,3538,1768567,9,185000000,1002891358,PG-13,18-Jul-08,Action, Crime, Drama
Iron Man,tt0371746,Robert Downey Jr., Terrence Howard, Jeff Bridges,Jon Favreau,362607942,16265203,2008,53796692,348217,19666,729172,7.9,140000000,584604126,PG-13,2-May-08,Action, Adventure, Sci-Fi
Hugo,tt0970179,Ben Kingsley, Sacha Baron Cohen, Asa Butterfield,Martin Scorsese,84635231,41647529,2011,6308840,10001,832,256838,7.5,170000000,180047784,PG,23-Nov-11,Adventure, Drama, Family
Wild Wild West,tt0120891,Will Smith, Kevin Kline, Kenneth Branagh,Barry Sonnenfeld,218238397,23392420,1999,578102,677,56,133328,4.8,170000000,221229335,PG-13,30-Jun-99,Action, Comedy, Sci-Fi
The Mummy: Tomb of the Dragon Emperor,tt0859163,Brendan Fraser, Jet Li, Maria Bello,Rob Cohen,57219513,72968389,2008,571107,761,70,122564,5.2,145000000,405760225,PG-13,1-Aug-08,Action, Adventure, Fantasy
Suicide Squad,tt1386697,Will Smith, Jaime FitzSimons, Ike Barinholtz,David Ayer,218238397,219854697,2016,94556958,715662,20407,366780,6.3,175000000,746100054,PG-13,5-Aug-16,Action, Adventure, Fantasy
Evan Almighty,tt0413099,Steve Carell, Morgan Freeman, Lauren Graham,Tom Shadyac,122063724,78297584,2007,388858,223,15,118208,5.4,175000000,174131329,PG,22-Jun-07,Comedy, Family, Fantasy
Waterworld,tt0114898,Kevin Costner, Chaim Jeraffi, Rick Aviles,Kevin Reynolds,112100478,27597310,1995,2105125,2119,225,148906,6.1,175000000,264246220,PG-13,28-Jul-95,Action, Adventure, Sci-Fi
GI Joe: The Rise of Cobra,tt1046173,Adewale Akinnuoye-Agbaje, Christopher Eccleston, Gr��gory Fitoussi,Stephen Sommers,103088501,79088550,2009,311611,542,27,178956,5.8,175000000,150167630,PG-13,7-Aug-09,Action, Adventure, Sci-Fi
The Jungle Book,tt3040964,Neel Sethi, Bill Murray, Ben Kingsley,Jon Favreau,481950561,91776617,2016,44074808,151906,7355,185876,7.5,175000000,963901123,PG,15-Apr-16,Adventure, Drama, Family
Dawn of the Planet of the Apes,tt2103281,Andy Serkis, Jason Clarke, Gary Oldman,Matt Reeves,356876604,105108661,2014,29800805,79330,4269,333265,7.6,170000000,703545589,PG-13,11-Jul-14,Action, Adventure, Drama
47 Ronin,tt1335975,Keanu Reeves, Hiroyuki Sanada, Ko Shibasaki,Carl Rinsch,9024615,116984074,2013,18320772,45280,2048,122392,6.3,175000000,20518224,PG-13,25-Dec-13,Action, Adventure, Drama
Shrek Forever After,tt0892791,Mike Myers, Eddie Murphy, Cameron Diaz,Mike Mitchell,119637182,117777459,2010,513802,674,70,145618,6.3,165000000,756244673,PG,21-May-10,Animation, Adventure, Comedy
Tomorrowland,tt1964418,George Clooney, Hugh Laurie, Britt Robertson,Brad Bird,104329638,58454077,2015,41880136,217053,8181,140337,6.5,190000000,205336322,PG,22-May-15,Action, Adventure, Family
Independence Day: Resurgence,tt1628841,Liam Hemsworth, Jeff Goldblum, Jessie T. Usher,Roland Emmerich,113821249,48718288,2016,37609036,132269,8932,118591,5.3,165000000,387644286,PG-13,24-Jun-16,Action, Adventure, Sci-Fi
Terminator 3: Rise of the Machines,tt0181852,Arnold Schwarzenegger, Nick Stahl, Claire Danes,Jonathan Mostow,58744440,185175,2003,2446127,1836,188,316081,6.4,200000000,150252753,R,2-Jul-03,Action, Sci-Fi, Thriller
Inception,tt1375666,Leonardo DiCaprio, Joseph Gordon-Levitt, Ellen Page,Christopher Nolan,220027943,152842629,2010,5443255,12869,349,1557867,8.8,160000000,832584416,PG-13,16-Jul-10,Action, Adventure, Sci-Fi
The Hobbit: An Unexpected Journey,tt0903624,Ian McKellen, Martin Freeman, Richard Armitage,Peter Jackson,187715569,231173787,2012,5684307,19677,485,663528,7.9,180000000,1017003568,PG-13,14-Dec-12,Adventure, Fantasy,
The Fast and the Furious,tt0232500,Paul Walker, Vin Diesel, Michelle Rodriguez,Rob Cohen,54654188,108476005,2001,30838433,248558,12476,282637,6.7,38000000,206512310,PG-13,22-Jun-01,Action, Crime, Thriller
X-Men: First Class,tt1270798,James McAvoy, Laurence Belcher, Michael Fassbender,Matthew Vaughn,19626708,4147598,2011,51155950,160132,7573,542108,7.8,160000000,145300000,PG-13,3-Jun-11,Action, Adventure, Sci-Fi
The Sorcerers Apprentice,tt0963966,Nicolas Cage, Jay Baruchel, Alfred Molina,Jon Turteltaub,5023915,21686761,2010,2580117,3292,232,129618,6.1,150000000,63143812,PG,14-Jul-10,Action, Adventure, Family
Poseidon,tt0409182,Josh Lucas, Kurt Russell, Jacinda Barrett,Wolfgang Petersen,25580641,53252595,2006,706581,1266,85,84534,5.6,160000000,181674817,PG-13,12-May-06,Action, Adventure, Drama
Terminator Genisys,tt1340138,Arnold Schwarzenegger, Jason Clarke, Emilia Clarke,Alan Taylor,58744440,105108661,2015,49693334,139287,14858,201918,6.5,155000000,440160956,PG-13,1-Jul-15,Action, Adventure, Sci-Fi
Pearl Harbor,tt0213149,Ben Affleck, Josh Hartnett, Kate Beckinsale,Michael Bay,148995615,45718,2001,1548977,2446,109,265058,6.1,140000000,449239855,PG-13,25-May-01,Action, Drama, History
Alexander,tt0346491,Anthony Hopkins, David Bedella, Jessie Kamm,Oliver Stone,102097638,48034,2004,10709050,15100,1857,143006,5.5,155000000,167297191,R,24-Nov-04,Action, Adventure, Biography
Harry Potter and the Order of the Phoenix,tt0373889,Daniel Radcliffe, Harry Melling, Jason Boyd,David Yates,15580079,254396861,2007,647844,2431,54,380093,7.5,150000000,942943935,PG-13,11-Jul-07,Adventure, Family, Fantasy
Harry Potter and the Goblet of Fire,tt0330373,Eric Sykes, Timothy Spall, David Tennant,Mike Newell,62803362,20769943,2005,996665,3568,104,412718,7.7,150000000,896911078,PG-13,18-Nov-05,Adventure, Family, Fantasy
Charlie and the Chocolate Factory,tt0367594,Johnny Depp, Freddie Highmore, David Kelly,Tim Burton,104642616,68830627,2005,1889003,3848,306,337871,6.7,150000000,475825484,PG,15-Jul-05,Adventure, Comedy, Family
Batman Begins,tt0372784,Christian Bale, Michael Caine, Liam Neeson,Christopher Nolan,217742101,239839671,2005,1197186,4403,125,1034363,8.3,150000000,359142722,PG-13,15-Jun-05,Action, Adventure,
X-Men Origins: Wolverine,tt0458525,Hugh Jackman, Liev Schreiber, Danny Huston,Gavin Hood,87210690,16417213,2009,775308,1906,73,377780,6.7,150000000,179737340,PG-13,1-May-09,Action, Adventure, Sci-Fi
Angels  Demons,tt0808151,Tom Hanks, Ewan McGregor, Ayelet Zurer,Ron Howard,57619771,152579280,2009,2600754,3625,829,223793,6.7,150000000,133375846,PG-13,15-May-09,Mystery, Thriller,
G-Force,tt0436339,Bill Nighy, Will Arnett, Zach Galifianakis,Hoyt Yeatman,12194110,116056753,2009,1703922,1426,194,34206,5.1,150000000,119420252,PG,24-Jul-09,Animation, Action, Adventure
Wrath of the Titans,tt1646987,Sam Worthington, Liam Neeson, Ralph Fiennes,Jonathan Liebesman,38715291,5982169,2012,15756802,23578,1254,157792,5.8,150000000,305270083,PG-13,30-Mar-12,Action, Adventure, Fantasy
Mission: Impossible - Rogue Nation,tt2381249,Tom Cruise, Jeremy Renner, Simon Pegg,Christopher McQuarrie,183502020,292860121,2015,23983097,56707,2015,253223,7.4,150000000,154979949,PG-13,31-Jul-15,Action, Adventure, Thriller
The Last Airbender,tt0938283,Noah Ringer, Dev Patel, Nicola Peltz,M. Night Shyamalan,213142587,90863543,2010,9616805,13035,4241,123543,4.2,150000000,319713881,PG,1-Jul-10,Action, Adventure, Family
Mission: Impossible III,tt0317919,Tom Cruise, Philip Seymour Hoffman, Ving Rhames,J.J. Abrams,183502020,69919865,2006,896411,709,32,267735,6.9,150000000,397501348,PG-13,5-May-06,Action, Adventure, Thriller
White House Down,tt2334879,Channing Tatum, Jamie Foxx, Maggie Gyllenhaal,Roland Emmerich,96576880,133746607,2013,10926848,8040,901,171919,6.4,150000000,205440387,PG-13,28-Jun-13,Action, Drama, Thriller
Mars Needs Moms,tt1305591,Seth Green, Dan Fogler, Joan Cusack,Simon Wells,37311727,116290774,2011,1176906,1262,475,18167,5.4,150000000,39549758,PG,11-Mar-11,Animation, Adventure, Family
Pan,tt3332064,Hugh Jackman, Levi Miller, Garrett Hedlund,Joe Wright,87210690,16315388,2015,19141918,61681,4776,46851,5.8,150000000,123888320,PG,9-Oct-15,Adventure, Family, Fantasy
Mr Peabody  Sherman,tt0864835,Ty Burrell, Max Charles, Lauri Fraser,Rob Minkoff,75991495,65779752,2014,12294525,24648,2861,50468,6.9,145000000,101784999,PG,7-Mar-14,Animation, Adventure, Comedy
Troy,tt0332452,Julian Glover, Brian Cox, Nathan Jones,Wolfgang Petersen,11055595,19426684,2004,1483430,1991,104,400105,7.2,175000000,484161265,R,14-May-04,Adventure,,
Ghostbusters,tt0087332,Bill Murray, Dan Aykroyd, Sigourney Weaver,Ivan Reitman,91776617,75627836,2016,47935066,333853,1132225,285775,7.8,144000000,229034050,PG,8-Jun-84,Action, Adventure, Comedy
Armageddon,tt0120591,Bruce Willis, Billy Bob Thornton, Ben Affleck,Michael Bay,55956848,44397438,1998,6165115,6654,471,334420,6.6,140000000,554600000,PG-13,1-Jul-98,Action, Adventure, Sci-Fi
Men in Black II,tt0120912,Tommy Lee Jones, Will Smith, Rip Torn,Barry Sonnenfeld,88956281,218238397,2002,1297547,1125,86,277032,6.1,140000000,190400000,PG-13,3-Jul-02,Action, Adventure, Comedy
Rise of the Guardians,tt1446192,Chris Pine, Alec Baldwin, Jude Law,Peter Ramsey,100914781,5792276,2012,13792163,45442,1542,129379,7.3,145000000,306900902,PG,21-Nov-12,Animation, Adventure, Family
The Last Samurai,tt0325710,Ken Watanabe, Tom Cruise, William Atherton,Edward Zwick,203191039,183502020,2003,1351857,2105,97,329525,7.7,140000000,456810575,R,5-Dec-03,Action, Drama, History
Exodus: Gods and Kings,tt1528100,Christian Bale, Joel Edgerton, John Turturro,Ridley Scott,217742101,62176645,2014,20087524,39649,4441,135686,6,140000000,268314513,PG-13,12-Dec-14,Action, Adventure, Drama
Star Trek,tt0796366,Chris Pine, Zachary Quinto, Leonard Nimoy,J.J. Abrams,100914781,98366487,2009,7771436,37515,2582,523560,8,150000000,385680446,PG-13,8-May-09,Action, Adventure, Sci-Fi
Spider-Man,tt0145487,Tobey Maguire, Willem Dafoe, Kirsten Dunst,Sam Raimi,30746754,95577742,2002,60246101,686863,38958,568088,7.3,139000000,403706375,PG-13,3-May-02,Action, Adventure,
Gods of Egypt,tt2404233,Brenton Thwaites, John Samaha, Courtney Eaton,Alex Proyas,62008415,14746331,2016,26168693,73580,16797,70821,5.5,140000000,133553464,PG-13,26-Feb-16,Action, Adventure, Fantasy
GI Joe: Retaliation,tt1583421,Dwayne Johnson, Jonathan Pryce, Byung-hun Lee,Jon M. Chu,65769648,4646016,2013,24309041,36664,1766,150864,5.8,130000000,122512052,PG-13,28-Mar-13,Action, Adventure, Sci-Fi
Sahara,tt0318649,Matthew McConaughey, Steve Zahn, Pen��lope Cruz,Breck Eisner,136382857,41882872,2005,501009,62,4,79411,6,130000000,68642452,PG-13,8-Apr-05,Action, Adventure, Comedy
Master and Commander: The Far Side of the World,tt0311113,Russell Crowe, Paul Bettany, James D'Arcy,Peter Weir,120967406,264405066,2003,481540,558,29,172974,7.4,150000000,212912137,PG-13,14-Nov-03,Action, Adventure, Drama
Miami Vice,tt0430357,Colin Farrell, Jamie Foxx, Li Gong,Michael Mann,93196236,133746607,2006,993068,1238,94,95287,6,1500000,63400000,R,28-Jul-06,Action, Crime, Thriller
The Revenant,tt1663202,Leonardo DiCaprio, Tom Hardy, Domhnall Gleeson,Alejandro Gonz��lez I����rritu,220027943,131643068,2015,48589882,125911,4635,488262,8,135000000,532950503,R,8-Jan-16,Adventure, Drama, Thriller
Turbo,tt1860353,Ryan Reynolds, Paul Giamatti, Michael Pe��a,David Soren,161180668,45347686,2013,13390498,16498,2067,65146,6.5,135000000,286896578,PG,17-Jul-13,Animation, Adventure, Comedy
Ant-Man,tt0478970,Paul Rudd, Michael Douglas, Evangeline Lilly,Peyton Reed,98867410,27872684,2015,21762191,70314,4688,358276,7.3,130000000,138002223,PG-13,17-Jul-15,Action, Adventure, Comedy
Bad Boys II,tt0172156,Martin Lawrence, Will Smith, Jordi Moll�_,Michael Bay,65098309,218238397,2003,714065,463,25,184869,6.6,130000000,273271982,R,18-Jul-03,Action, Comedy, Crime
The Adventures of Tintin,tt0983193,Jamie Bell, Andy Serkis, Daniel Craig,Steven Spielberg,107910331,356876604,2011,2599549,3409,303,182707,7.4,135000000,373993951,PG,21-Dec-11,Animation, Action, Adventure
Harry Potter and the Prisoner of Azkaban,tt0304141,Daniel Radcliffe, Richard Griffiths, Pam Ferris,Alfonso Cuar�_n,15580079,131615799,2004,1389911,3635,141,408744,7.8,130000000,796688549,PG,4-Jun-04,Adventure, Family, Fantasy
Australia,tt0455824,Shea Adams, Eddie Baroo, Ray Barrett,Baz Luhrmann,43020396,2756172,2008,5627869,30953,946,105180,6.6,130000000,215080810,PG-13,26-Nov-08,Adventure, Drama, Romance
After Earth,tt1815862,Jaden Smith, Will Smith, Sophie Okonedo,M. Night Shyamalan,114287529,218238397,2013,18186413,41639,3450,164997,4.9,130000000,251499665,PG-13,31-May-13,Action, Adventure, Sci-Fi
Megamind,tt1001526,Will Ferrell, Brad Pitt, Tina Fey,Tom McGrath,33190637,85343206,2010,1867614,2684,142,182100,7.3,130000000,321887208,PG,5-Nov-10,Animation, Action, Comedy
RIPD,tt0790736,Jeff Bridges, Ryan Reynolds, Kevin Bacon,Robert Schwentke,101324047,161180668,2013,6289395,25330,1210,95826,5.6,130000000,33500000,PG-13,19-Jul-13,Action, Comedy, Fantasy
Pirates of the Caribbean: The Curse of the Black Pearl,tt0325980,Johnny Depp, Geoffrey Rush, Orlando Bloom,Gore Verbinski,104642616,152387163,2003,965913,3139,82,849484,8,140000000,634954103,PG-13,9-Jul-03,Action, Adventure, Fantasy
Rio 2,tt2357291,Jake T. Austin, Carlinhos Brown, Kristin Chenoweth,Carlos Saldanha,31776126,97503961,2014,6011708,15439,1289,61921,6.4,103000000,113691800,G,11-Apr-14,Animation, Adventure, Comedy
X-Men 2,tt0290334,Patrick Stewart, Hugh Jackman, Ian McKellen,Bryan Singer,7558994,87210690,2003,20099473,129254,7529,422356,7.5,110000000,214813155,PG-13,2-May-03,Action, Adventure, Fantasy
Fast Five,tt1596343,Vin Diesel, Paul Walker, Jordana Brewster,Justin Lin,108476005,54654188,2011,8222330,8212,360,294510,7.3,125000000,629969804,PG-13,29-Apr-11,Action, Crime, Thriller
Sherlock Holmes: A Game of Shadows,tt1515091,Robert Downey Jr., Jude Law, Noomi Rapace,Guy Ritchie,362607942,56830970,2011,1291568,4597,116,352014,7.5,125000000,535663443,PG-13,16-Dec-11,Action, Adventure, Crime
Clash of the Titans,tt0800320,Sam Worthington, Liam Neeson, Ralph Fiennes,Louis Leterrier,38715291,5982169,2010,179279,274,21,235875,5.8,125000000,163100000,PG-13,2-Apr-10,Action, Adventure, Fantasy
The Bourne Legacy,tt1194173,Jeremy Renner, Scott Glenn, Stacy Keach,Tony Gilroy,292860121,77508927,2012,16930299,44168,1603,241885,6.7,125000000,280355920,PG-13,10-Aug-12,Action, Adventure, Mystery
The Day After Tomorrow,tt0319262,Dennis Quaid, Jake Gyllenhaal, Emmy Rossum,Roland Emmerich,10621434,37667610,2004,1253686,2415,104,346410,6.4,125000000,556319450,PG-13,28-May-04,Action, Adventure, Sci-Fi
Mission: Impossible II,tt0120755,Tom Cruise, Dougray Scott, Thandie Newton,John Woo,183502020,6451401,2000,667377,170,15,253333,6.1,125000000,397501348,PG-13,24-May-00,Action, Adventure, Thriller
The Perfect Storm,tt0177971,George Clooney, Mark Wahlberg, John C. Reilly,Wolfgang Petersen,104329638,144799396,2000,466034,421,41,136569,6.4,140000000,328711434,PG-13,30-Jun-00,Action, Adventure, Drama
Life of Pi,tt0454876,Suraj Sharma, Irrfan Khan, Ayush Tandon,Ang Lee,129466294,146505290,2012,1892802,6511,357,463028,7.9,120000000,607987022,PG,21-Nov-12,Adventure, Drama, Fantasy
Jason Bourne,tt4196776,Matt Damon, Tommy Lee Jones, Alicia Vikander,Paul Greengrass,136623867,88956281,2016,15238543,51757,2288,143037,6.7,120000000,416197059,PG-13,29-Jul-16,Action, Thriller,
The Chronicles of Riddick,tt0296572,Vin Diesel, Colm Feore, Thandie Newton,David Twohy,108476005,26905,2004,7437392,27534,1292,189204,6.7,105000000,107212751,PG-13,11-Jun-04,Action, Adventure, Sci-Fi
Oblivion,tt1483013,Tom Cruise, Morgan Freeman, Olga Kurylenko,Joseph Kosinski,183502020,78297584,2013,6774007,15533,818,403921,7,120000000,287916633,PG-13,19-Apr-13,Action, Adventure, Mystery
Star Wars: Episode I - The Phantom Menace,tt0120915,Liam Neeson, Ewan McGregor, Natalie Portman,George Lucas,5982169,152579280,1999,4018583,10127,990,566230,6.5,115000000,431000000,PG,19-May-99,Action, Adventure, Fantasy
Windtalkers,tt0245562,Nicolas Cage, Adam Beach, Peter Stormare,John Woo,5023915,53292861,2002,1022369,1009,60,57614,6,115000000,77628265,R,14-Jun-02,Action, Drama, War
Tomorrow Never Dies,tt0120347,Pierce Brosnan, Jonathan Pryce, Michelle Yeoh,Roger Spottiswoode,5864146,4646016,1997,241243,540,26,153509,6.5,110000000,339504276,PG-13,19-Dec-97,Action, Adventure, Thriller
The Patriot,tt0187393,Mel Gibson, Heath Ledger, Joely Richardson,Roland Emmerich,49068174,72457700,2000,4395765,9209,3333,215760,7.1,110000000,2317507,R,28-Jun-00,Action, Drama, History
Gullivers Travels,tt1320261,Jack Black, Jason Segel, Emily Blunt,Rob Letterman,18400291,86667042,2010,1577711,1388,249,54896,4.9,112000000,42776259,PG,25-Dec-10,Adventure, Comedy, Family
The Green Hornet,tt0990407,Seth Rogen, Jay Chou, Cameron Diaz,Michel Gondry,27098853,28153150,2011,2462548,2872,266,139199,5.8,120000000,229155503,PG-13,14-Jan-11,Action, Comedy, Crime
The Smurfs,tt0472181,Hank Azaria, Neil Patrick Harris, Jayma Mays,Raja Gosnell,37852357,95871895,2011,7422667,16805,1828,69009,5.5,110000000,563749323,PG,29-Jul-11,Animation, Adventure, Comedy
Real Steel,tt0433035,Hugh Jackman, Dakota Goyo, Evangeline Lilly,Shawn Levy,87210690,85401234,2011,13798422,498008,5311,262755,7.1,110000000,263880341,PG-13,7-Oct-11,Action, Drama, Family
The Smurfs 2,tt2017020,Hank Azaria, Neil Patrick Harris, Brendan Gleeson,Raja Gosnell,37852357,95871895,2013,5365069,6040,835,28772,5.4,105000000,71017784,PG,31-Jul-13,Animation, Adventure, Comedy
Enders Game,tt1731141,Asa Butterfield, Harrison Ford, Hailee Steinfeld,Gavin Hood,33948403,184932277,2013,11123221,27322,2268,192606,6.7,110000000,61656849,PG-13,1-Nov-13,Action, Sci-Fi,
Live Free or Die Hard,tt0337978,Bruce Willis, Timothy Olyphant, Justin Long,Len Wiseman,55956848,42696218,2007,350893,352,23,344636,7.2,110000000,382288147,PG-13,27-Jun-07,Action, Adventure, Thriller
The Lord of the Rings: The Fellowship of the Ring,tt0120737,Alan Howard, Noel Appleby, Sean Astin,Peter Jackson,106773471,202861432,2001,2295174,6223,155,1303095,8.8,93000000,887210985,PG-13,19-Dec-01,Adventure, Drama, Fantasy
Ali,tt0248667,Will Smith, Jamie Foxx, Jon Voight,Michael Mann,218238397,133746607,2001,12138733,90057,2415,81585,6.8,107000000,87683966,R,25-Dec-01,Biography, Drama, Sport
The Cat in the Hat,tt0312528,Mike Myers, Alec Baldwin, Kelly Preston,Bo Welch,119637182,5792276,2003,1312708,22069,279,37907,3.8,109000000,133818283,PG,21-Nov-03,Adventure, Comedy, Family
Kingdom of Heaven,tt0320661,Martin Hancock, Michael Sheen, Nathalie Cox,Ridley Scott,5269023,38133609,2005,1389096,1909,92,225333,7.2,130000000,218853353,R,6-May-05,Action, Adventure, Drama
Gone in Sixty Seconds,tt0187078,Nicolas Cage, Giovanni Ribisi, Angelina Jolie,Dominic Sena,5023915,197862206,2000,938118,713,60,225289,6.5,90000000,100978700,PG-13,9-Jun-00,Action, Crime, Thriller
Gladiator,tt0172495,Russell Crowe, Joaquin Phoenix, Connie Nielsen,Ridley Scott,120967406,60754126,2000,899311,1430,78,1038730,8.5,103000000,8205703,R,5-May-00,Action, Adventure, Drama
Minority Report,tt0181689,Tom Cruise, Max von Sydow, Steve Harris,Steven Spielberg,183502020,170731996,2002,417357,549,31,415973,7.7,102000000,358824714,PG-13,21-Jun-02,Action, Mystery, Sci-Fi
Harry Potter and the Chamber of Secrets,tt0295297,Daniel Radcliffe, Rupert Grint, Emma Watson,Chris Columbus,15580079,6168920,2002,450860,1456,22,414552,7.4,100000000,878979634,PG,15-Nov-02,Adventure, Family, Fantasy
Planet of the Apes,tt0133152,Mark Wahlberg, Tim Roth, Helena Bonham Carter,Tim Burton,144799396,17114323,2001,20679908,137589,4566,183087,5.7,100000000,362211740,PG-13,27-Jul-01,Action, Adventure, Sci-Fi
Public Enemies,tt1152836,Christian Bale, Christian Stolte, Jason Clarke,Michael Mann,217742101,2576,2009,4221095,5930,264,237986,7,100000000,212282709,R,1-Jul-09,Biography, Crime, Drama
American Gangster,tt0765429,Denzel Washington, Russell Crowe, Chiwetel Ejiofor,Ridley Scott,106585059,120967406,2007,2040808,2837,102,334605,7.8,100000000,267985456,R,2-Nov-07,Biography, Crime, Drama
The Taking of Pelham 1 2 3,tt1111422,Denzel Washington, John Travolta, Luis Guzm��n,Tony Scott,106585059,58368048,2009,911717,1220,70,156227,6.4,100000000,65452312,R,12-Jun-09,Action, Crime, Thriller
Eraser,tt0116213,Arnold Schwarzenegger, James Caan, Vanessa Williams,Chuck Russell,58744440,1204356,1996,294858,423,21,87479,6.1,100000000,234400000,R,21-Jun-96,Action, Drama, Mystery
Django Unchained,tt1853728,Jamie Foxx, Christoph Waltz, Leonardo DiCaprio,Quentin Tarantino,133746607,178248658,2012,14738924,38639,1725,1024786,8.4,100000000,449948323,R,25-Dec-12,Drama, Western,
The Emperors New Groove,tt0120917,David Spade, John Goodman, Eartha Kitt,Mark Dindal,9205243,112889565,2000,739197,222,19,135539,7.3,100000000,87320505,G,15-Dec-00,Animation, Adventure, Comedy
The Expendables 2,tt1764651,Sylvester Stallone, Jason Statham, Jet Li,Simon West,53918831,41491375,2012,11716766,13249,518,255260,6.6,92000000,85017401,R,17-Aug-12,Action, Adventure, Thriller
Eragon,tt0449010,Ed Speleers, Jeremy Irons, Sienna Guillory,Stefen Fangmeier,14689258,60054917,2006,754318,1672,132,110455,5.1,100000000,249488115,PG,15-Dec-06,Action, Adventure, Family
Pan,tt3332064,Hugh Jackman, Levi Miller, Garrett Hedlund,Joe Wright,87210690,16315388,2015,19141918,61681,4776,46851,5.8,150000000,123888320,PG,9-Oct-15,Adventure, Family, Fantasy
Epic,tt0848537,Blake Anderson, Aziz Ansari, Allison Bills,Chris Wedge,17887206,29926250,2013,8638055,23991,1252,88564,6.7,100000000,262794441,PG,24-May-13,Animation, Adventure, Family
End of Days,tt0146675,Arnold Schwarzenegger, Gabriel Byrne, Robin Tunney,Peter Hyams,58744440,927877,1999,898092,833,283,92092,5.7,83000000,212026975,R,24-Nov-99,Action, Fantasy, Horror
Blood Diamond,tt0450259,Leonardo DiCaprio, Djimon Hounsou, Jennifer Connelly,Edward Zwick,220027943,100085346,2006,1341700,2668,100,416694,8,100000000,171377916,R,8-Dec-06,Adventure, Drama, Thriller
The Wolf of Wall Street,tt0993846,Leonardo DiCaprio, Jonah Hill, Margot Robbie,Martin Scorsese,220027943,114847164,2013,10605827,27199,1021,849538,8.2,100000000,391976723,R,25-Dec-13,Biography, Comedy, Crime
Batman Forever,tt0112462,Val Kilmer, Tommy Lee Jones, Jim Carrey,Joel Schumacher,13903580,88956281,1995,1064162,2786,180,198063,5.4,100000000,336529144,PG-13,16-Jun-95,Action, Adventure, Fantasy
The Expendables 3,tt2333784,Sylvester Stallone, Jason Statham, Harrison Ford,Patrick Hughes,53918831,41491375,2014,25240551,71975,2409,134703,6.1,90000000,34742878,PG-13,15-Aug-14,Action, Adventure, Thriller
Point Break,tt0102685,Patrick Swayze, Keanu Reeves, Gary Busey,Kathryn Bigelow,1635389,9024615,2015,22929103,48705,14184,118049,7.2,105000000,128131571,R,12-Jul-91,Action, Crime, Drama
Son of the Mask,tt0362165,Jamie Kennedy, Alan Cumming, Liam Falconer,Lawrence Guterman,1245983,6044154,2005,1981700,4147,821,42430,2.2,84000000,59918422,PG,18-Feb-05,Comedy, Family, Fantasy
In the Heart of the Sea,tt1390411,Chris Hemsworth, Benjamin Walker, Cillian Murphy,Ron Howard,360722214,19688698,2015,14520427,28764,1526,86998,6.9,100000000,90420758,PG-13,11-Dec-15,Action, Adventure, Biography
The Adventures of Pluto Nash,tt0180052,Eddie Murphy, Randy Quaid, Rosario Dawson,Ron Underwood,117777459,14934409,2002,344442,543,263,20812,3.8,100000000,7094995,PG-13,16-Aug-02,Comedy, Action, Sci-Fi
Green Zone,tt0947810,Igal Naor, Said Faraj, Faycal Attougui,Paul Greengrass,7428978,70230106,2010,1109634,1054,103,113714,6.8,100000000,97523020,R,12-Mar-10,Action, Drama, Thriller
The Spanish Prisoner,tt0120176,Campbell Scott, Steve Martin, Rebecca Pidgeon,David Mamet,84935,39767901,1997,91771,108,2,19038,7.3,10000000,13835130,PG,15-May-98,Drama, Mystery, Thriller
Gangs of New York,tt0217505,Leonardo DiCaprio, Daniel Day-Lewis, Cameron Diaz,Martin Scorsese,220027943,41016147,2002,1098378,2007,86,327657,7.5,100000000,183124621,R,20-Dec-02,Crime, Drama,
Black Hawk Down,tt0265086,Josh Hartnett, Ewan McGregor, Tom Sizemore,Ridley Scott,45718,152579280,2001,496755,864,36,304698,7.7,92000000,159691085,R,18-Jan-02,Drama, History, War
The Campaign,tt1790886,Will Ferrell, Zach Galifianakis, Jason Sudeikis,Jay Roach,33190637,18953270,2012,7107757,43851,6790,109508,6.2,95000000,104907746,R,10-Aug-12,Comedy,,
The Fifth Element,tt0119116,Bruce Willis, Gary Oldman, Ian Holm,Luc Besson,55956848,152878928,1997,743727,887,125,358462,7.7,93000000,263900000,PG-13,9-May-97,Action, Adventure, Sci-Fi
The Lord of the Rings: The Two Towers,tt0167261,Bruce Allpress, Sean Astin, John Bach,Peter Jackson,75383413,38145883,2002,2414488,7672,159,1158527,8.7,94000000,934699645,PG-13,18-Dec-02,Adventure, Drama, Fantasy
Seventh Son,tt1121096,Jeff Bridges, Ben Barnes, Julianne Moore,Sergei Bodrov,101324047,80311078,2014,9493655,18535,1217,58806,5.5,95000000,110623265,PG-13,6-Feb-15,Action, Adventure, Fantasy
Jurassic Park III,tt0163025,Sam Neill, William H. Macy, T��a Leoni,Joe Johnston,7443792,18294194,2001,2020476,2954,204,229609,5.9,93000000,365900000,PG-13,18-Jul-01,Action, Adventure, Sci-Fi
A Good Day to Die Hard,tt1606378,Bruce Willis, Jai Courtney, Sebastian Koch,John Moore,55956848,137420415,2013,1400782,5000,163,171524,5.3,92000000,304249198,R,14-Feb-13,Action, Thriller,
The Alamo,tt0318974,Dennis Quaid, Billy Bob Thornton, Jason Patric,John Lee Hancock,10621434,44397438,2004,247319,411,48,17274,6,107000000,23911362,PG-13,9-Apr-04,Drama, History, War
Percy Jackson  the Olympians: The Lightning Thief,tt0814255,Logan Lerman, Brandon T. Jackson, Alexandra Daddario,Chris Columbus,60649587,14098714,2010,5707307,11148,773,147133,5.9,95000000,61198532,PG,12-Feb-10,Adventure, Family, Fantasy
Men in Black,tt0119654,Tommy Lee Jones, Will Smith, Linda Fiorentino,Barry Sonnenfeld,88956281,218238397,1997,1454840,2533,106,422007,7.3,90000000,587790539,PG-13,2-Jul-97,Adventure, Comedy, Family
Unstoppable,tt0477080,Denzel Washington, Chris Pine, Rosario Dawson,Tony Scott,106585059,100914781,2010,7164794,14850,1707,156212,6.8,100000000,169511609,PG-13,12-Nov-10,Action, Thriller,
The Departed,tt0407887,Leonardo DiCaprio, Matt Damon, Jack Nicholson,Martin Scorsese,220027943,136623867,2006,916656,1505,69,923811,8.5,90000000,289660619,R,6-Oct-06,Crime, Drama, Thriller
Tropic Thunder,tt0942385,Jeff Kahn, Robert Downey Jr., Anthony Ruivivar,Ben Stiller,23929278,362607942,2008,1971927,3390,122,318209,7,92000000,191091250,R,13-Aug-08,Action, Comedy,
Die Hard with a Vengeance,tt0112864,Bruce Willis, Jeremy Irons, Samuel L. Jackson,John McTiernan,55956848,60054917,1995,679406,848,38,309890,7.6,90000000,366101666,R,19-May-95,Action, Adventure, Thriller
Sherlock Holmes,tt0988045,Robert Downey Jr., Jude Law, Rachel McAdams,Guy Ritchie,362607942,56830970,2009,3190512,9923,309,496568,7.6,90000000,208711166,PG-13,25-Dec-09,Action, Adventure, Crime
Alvin and the Chipmunks: The Road Chip,tt2974918,Jason Lee, Justin Long, Matthew Gray Gubler,Walt Becker,43522723,17632805,2015,7849219,29246,6227,11078,5.1,90000000,235296080,PG,18-Dec-15,Animation, Adventure, Comedy
Valkyrie,tt0985699,Tom Cruise, Kenneth Branagh, Bill Nighy,Bryan Singer,183502020,22278713,2008,528045,1057,36,190821,7.1,75000000,203902107,PG-13,25-Dec-08,Drama, History, Thriller
You Dont Mess with the Zohan,tt0960144,Adam Sandler, John Turturro, Emmanuelle Chriqui,Dennis Dugan,68354637,84708677,2008,1516606,661,63,161288,5.5,90000000,100018837,PG-13,6-Jun-08,Action, Comedy,
Pixels,tt2120120,Adam Sandler, Kevin James, Michelle Monaghan,Chris Columbus,68354637,85090007,2015,33016387,115677,15150,98910,5.6,88000000,244126300,PG-13,24-Jul-15,Action, Comedy, Sci-Fi
The Haunted Mansion,tt0338094,Eddie Murphy, Terence Stamp, Nathaniel Parker,Rob Minkoff,117777459,49110192,2003,1261048,3036,232,33489,4.9,90000000,75759571,PG,26-Nov-03,Comedy, Family, Fantasy
Now You See Me 2,tt3110958,Jesse Eisenberg, Mark Ruffalo, Woody Harrelson,Jon M. Chu,107530576,224670158,2016,19111735,87579,1883,148462,6.5,90000000,65030563,PG-13,10-Jun-16,Action, Adventure, Comedy
Spy Game,tt0266987,Robert Redford, Brad Pitt, Catherine McCormack,Tony Scott,64271764,85343206,2001,339247,284,19,124797,7.1,92000000,143049560,R,21-Nov-01,Action, Crime, Thriller
Mission to Mars,tt0183523,Gary Sinise, Tim Robbins, Don Cheadle,Brian De Palma,49073571,2913989,2000,14805193,42519,1431,61972,5.6,90000000,106000000,PG,10-Mar-00,Adventure, Sci-Fi, Thriller
K-19: The Widowmaker,tt0267626,Sam Spruell, Peter Stebbings, Christian Camargo,Kathryn Bigelow,40619530,13336966,2002,668246,571,32,50839,6.7,100000000,35100183,PG-13,19-Jul-02,Drama, History, Thriller
Conan the Barbarian,tt0082198,Arnold Schwarzenegger, James Earl Jones, Max von Sydow,John Milius,58744440,61310755,1982,10585457,3141,1956,116809,6.9,20000000,63356133,R,14-May-82,Adventure, Fantasy,
Seabiscuit,tt0329575,David McCullough, Jeff Bridges, Paul Vincent O'Connor,Gary Ross,49571780,101324047,2003,637301,422,17,58973,7.3,87000000,148715342,PG-13,25-Jul-03,Drama, History, Sport
The Fast and the Furious,tt0232500,Paul Walker, Vin Diesel, Michelle Rodriguez,Rob Cohen,54654188,108476005,2001,30838433,248559,12476,282637,6.7,38000000,206512310,PG-13,22-Jun-01,Action, Crime, Thriller
Cast Away,tt0162222,Tom Hanks, Paul Sanchez, Lari White,Robert Zemeckis,57619771,4632220,2000,182401,339,17,413705,7.7,90000000,427230516,PG-13,22-Dec-00,Adventure, Drama, Romance
Air Force One,tt0118571,Harrison Ford, Gary Oldman, Glenn Close,Wolfgang Petersen,184932277,152878928,1997,186405,164,13,151263,6.4,85000000,315268353,R,25-Jul-97,Action, Adventure, Drama
Hotel Transylvania,tt0837562,Adam Sandler, Andy Samberg, Selena Gomez,Genndy Tartakovsky,68354637,13158901,2012,16129260,44220,1983,173296,7.1,85000000,378505812,PG,28-Sep-12,Animation, Comedy, Family
Safe House,tt1599348,Denzel Washington, Ryan Reynolds, Vera Farmiga,Daniel Espinosa,106585059,161180668,2012,7390080,9885,426,172690,6.8,85000000,208542162,R,10-Feb-12,Action, Crime, Mystery
Enemy of the State,tt0120660,Will Smith, Gene Hackman, Jon Voight,Tony Scott,218238397,86959802,1998,98810,110,6,194180,7.3,90000000,250649836,R,20-Nov-98,Action, Thriller,
Oceans Thirteen,tt0496806,George Clooney, Brad Pitt, Matt Damon,Steven Soderbergh,104329638,85343206,2007,211108,177,10,266588,6.9,85000000,78864724,PG-13,8-Jun-07,Crime, Thriller,
The Rundown,tt0327850,Dwayne Johnson, Seann William Scott, Rosario Dawson,Peter Berg,65769648,151234685,2003,212570,212,14,85095,6.7,85000000,80831893,PG-13,26-Sep-03,Action, Adventure, Comedy
Last Action Hero,tt0107362,Arnold Schwarzenegger, F. Murray Abraham, Art Carney,John McTiernan,58744440,12131586,1993,174676,469,27,110856,6.2,70000000,137298489,PG-13,18-Jun-93,Action, Adventure, Comedy
The Fast and the Furious: Tokyo Drift,tt0463985,Lucas Black, Damien Marzette, Trula M. Marcus,Justin Lin,39317834,157794205,2006,3911465,4443,318,188723,6,85000000,157794205,PG-13,16-Jun-06,Action, Crime, Romance
Meet Joe Black,tt0119643,Brad Pitt, Anthony Hopkins, Claire Forlani,Martin Brest,85343206,102097638,1998,2771976,5542,183,174997,7.1,90000000,44650003,PG-13,13-Nov-98,Drama, Fantasy, Romance
The Core,tt0298814,Christopher Shyer, Ray Galletti, Eileen Pedde,Jon Amiel,9916428,3310593,2003,368689,66,5,79376,5.4,60000000,74132631,PG-13,28-Mar-03,Action, Adventure, Sci-Fi
Jumper,tt0489099,Hayden Christensen, Jamie Bell, Rachel Bilson,Doug Liman,19093528,107910331,2008,1868802,3467,173,250819,6.1,85000000,223636949,PG-13,14-Feb-08,Action, Adventure, Sci-Fi
Zodiac,tt0443706,Jake Gyllenhaal, Mark Ruffalo, Anthony Edwards,David Fincher,37667610,224670158,2007,2413121,1605,117,322935,7.7,65000000,83080084,R,2-Mar-07,Crime, Drama, History
The 6th Day,tt0216216,Arnold Schwarzenegger, Michael Rapaport, Tony Goldwyn,Roger Spottiswoode,58744440,28329646,2000,129734,48,7,102204,5.9,82000000,33813823,PG-13,17-Nov-00,Action, Mystery, Sci-Fi
Bruce Almighty,tt0315327,Jim Carrey, Morgan Freeman, Jennifer Aniston,Tom Shadyac,36465685,78297584,2003,491456,681,25,309785,6.7,81000000,484468608,PG-13,23-May-03,Comedy, Drama, Fantasy
The Expendables,tt1320253,Sylvester Stallone, Jason Statham, Jet Li,Sylvester Stallone,53918831,41491375,2010,20704615,40137,1644,279916,6.5,80000000,268268174,R,13-Aug-10,Action, Adventure, Thriller
Mission: Impossible,tt0117060,Tom Cruise, Jon Voight, Emmanuelle B��art,Brian De Palma,183502020,56198494,1996,14323106,33381,1135,312504,7.1,80000000,457697994,PG-13,22-May-96,Action, Adventure, Thriller
The Hunger Games,tt1392170,Stanley Tucci, Wes Bentley, Jennifer Lawrence,Gary Ross,80578374,68062699,2012,9354002,40791,1041,729742,7.2,78000000,677923379,PG-13,23-Mar-12,Action, Adventure, Sci-Fi
The Hangover Part II,tt1411697,Bradley Cooper, Ed Helms, Zach Galifianakis,Todd Phillips,122792643,17053291,2011,4209847,12891,426,391152,6.5,80000000,586464305,R,26-May-11,Comedy, Mystery,
Batman Returns,tt0103776,Michael Keaton, Danny DeVito, Michelle Pfeiffer,Tim Burton,136682184,21060320,1992,2242865,2487,226,225013,7,80000000,266824291,PG-13,19-Jun-92,Action,,
RED 2,tt1821694,Bruce Willis, John Malkovich, Mary-Louise Parker,Dean Parisot,55956848,34805278,2013,5750986,12099,512,131221,6.7,84000000,53215979,PG-13,19-Jul-13,Action, Comedy, Crime
The Longest Yard,tt0398165,Adam Sandler, Chris Rock, Burt Reynolds,Peter Segal,68354637,19261972,2005,445249,175,7,135346,6.4,82000000,190320568,PG-13,27-May-05,Comedy, Crime, Sport
Alvin and the Chipmunks: Chipwrecked,tt1615918,Jason Lee, David Cross, Jenny Slate,Mike Mitchell,43522723,195533,2011,1335875,1838,244,23920,4.4,75000000,349088523,G,16-Dec-11,Animation, Adventure, Comedy
Grown Ups 2,tt2191701,Adam Sandler, Kevin James, Chris Rock,Dennis Dugan,68354637,85090007,2013,8826219,18734,1422,112712,5.4,80000000,127400000,PG-13,12-Jul-13,Comedy,,
Shutter Island,tt1130884,Leonardo DiCaprio, Mark Ruffalo, Ben Kingsley,Martin Scorsese,220027943,224670158,2010,7489877,14422,432,842924,8.1,80000000,299461782,R,19-Feb-10,Mystery, Thriller,
Road to Perdition,tt0257044,Tyler Hoechlin, Rob Maxey, Liam Aiken,Sam Mendes,15560713,91677257,2002,639019,691,38,207879,7.7,80000000,183354514,R,12-Jul-02,Crime, Drama, Thriller
Con Air,tt0118880,Colm Meaney, Mykelti Williamson, Nick Chinlund,Simon West,11060274,10048753,1997,154484,209,8,231728,6.8,75000000,224117573,R,6-Jun-97,Action, Crime, Thriller
Space Jam,tt0117705,Michael Jordan, Wayne Knight, Theresa Randle,Joe Pytka,125100000,509511,1996,1234604,2111,108,117216,6.3,80000000,250200000,PG,15-Nov-96,Animation, Adventure, Comedy
The Pink Panther,tt0383216,Steve Martin, Kevin Kline, Jean Reno,Shawn Levy,39767901,23392420,2006,602284,869,48,68098,5.6,65000000,158926474,PG,10-Feb-06,Adventure, Comedy, Crime
Fury,tt2713180,Brad Pitt, Shia LaBeouf, Logan Lerman,David Ayer,85343206,188565799,2014,5823213,11622,657,328085,7.6,68000000,211755593,R,17-Oct-14,Action, Drama, War
Yogi Bear,tt1302067,Dan Aykroyd, Justin Timberlake, Anna Faris,Eric Brevig,75627836,85437510,2010,4012885,3314,916,16976,4.6,80000000,204774690,PG,17-Dec-10,Animation, Adventure, Comedy
The Manchurian Candidate,tt0368008,Jeffrey Wright, Pablo Schreiber, Anthony Mackie,Jonathan Demme,72418822,626666,2004,284917,478,22,89074,6.6,80000000,96148711,R,30-Jul-04,Drama, Mystery, Sci-Fi
The Time Machine,tt0268695,Guy Pearce, Mark Addy, Phyllida Law,Simon Wells,873419,35565392,2002,770949,1287,73,106028,5.9,80000000,56684819,PG-13,8-Mar-02,Sci-Fi, Adventure, Action
Swordfish,tt0244244,John Travolta, Hugh Jackman, Halle Berry,Dominic Sena,58368048,87210690,2001,278460,654,42,159381,6.5,80000000,147080413,R,8-Jun-01,Action, Crime, Thriller
The Legend of Zorro,tt0386140,Alberto Reyes, Julio Oscar Mechoso, Gustavo S��nchez Parra,Martin Campbell,26927601,1356980,2005,588589,599,28,74800,5.9,75000000,141475336,PG,28-Oct-05,Action, Adventure, Western
What Dreams May Come,tt0120889,Robin Williams, Cuba Gooding Jr., Annabella Sciorra,Vincent Ward,43834938,9373570,1998,933612,2479,79,86186,7,85000000,71485043,PG-13,2-Oct-98,Drama, Fantasy, Romance
Thirteen Days,tt0146309,Shawn Driscoll, Kevin Costner, Drake Cook,Roger Donaldson,21898337,112100478,2000,673468,661,35,46555,7.3,80000000,66554547,PG-13,12-Jan-01,Drama, History, Thriller
Battlefield Earth,tt0185183,John Travolta, Barry Pepper, Forest Whitaker,Roger Christian,58368048,80745497,2000,397722,868,400,66998,2.4,44000000,29725663,PG-13,12-May-00,Action, Adventure, Sci-Fi
Nine,tt0875034,Daniel Day-Lewis, Sandro Dori, Nicole Kidman,Rob Marshall,41016147,21355618,2009,6697645,14291,646,38186,5.8,80000000,53508858,PG-13,25-Dec-09,Drama, Musical, Romance
A Beautiful Mind,tt0268978,Russell Crowe, Ed Harris, Jennifer Connelly,Ron Howard,120967406,58415215,2001,1178657,4863,84,651623,8.2,58000000,317668058,PG-13,4-Jan-02,Biography, Drama,
Journey 2: The Mysterious Island,tt1397514,Dwayne Johnson, Michael Caine, Josh Hutcherson,Brad Peyton,65769648,239839671,2012,2229264,3343,253,70823,5.8,79000000,103812241,PG,10-Feb-12,Action, Adventure, Comedy
Red Dragon,tt0289765,Anthony Hopkins, Edward Norton, Ralph Fiennes,Brett Ratner,102097638,81475107,2002,358968,380,47,210669,7.2,78000000,206455420,R,4-Oct-02,Crime, Drama, Thriller
X-Men,tt0120903,Hugh Jackman, Patrick Stewart, Ian McKellen,Bryan Singer,87210690,7558994,2000,77225143,495945,21568,472863,7.4,75000000,156164829,PG-13,14-Jul-00,Action, Adventure, Sci-Fi
Wanted,tt0493464,James McAvoy, Morgan Freeman, Angelina Jolie,Timur Bekmambetov,19626708,78297584,2008,1945772,3254,176,310022,6.7,75000000,134294280,R,27-Jun-08,Action, Crime, Fantasy
Now You See Me,tt1670345,Jesse Eisenberg, Mark Ruffalo, Woody Harrelson,Louis Leterrier,107530576,224670158,2013,21708813,62262,2207,483146,7.3,75000000,351723989,PG-13,31-May-13,Crime, Mystery, Thriller
Grown Ups,tt1375670,Adam Sandler, Kevin James, Chris Rock,Dennis Dugan,68354637,85090007,2010,8809679,17044,1302,188587,6,80000000,272223430,PG-13,25-Jun-10,Comedy,,
Munich,tt0408306,Eric Bana, Daniel Craig, Ciar��n Hinds,Steven Spielberg,103691716,372774112,2005,518934,333,35,182043,7.6,70000000,131492772,R,6-Jan-06,Drama, Thriller,
The Man from UNCLE,tt1638355,Henry Cavill, Armie Hammer, Alicia Vikander,Guy Ritchie,134307331,63207483,2015,12881649,35491,1112,197986,7.3,75000000,38140180,PG-13,14-Aug-15,Action, Adventure, Comedy
Bandits,tt0219965,Bruce Willis, Billy Bob Thornton, Cate Blanchett,Barry Levinson,55956848,44397438,2001,90817,174,15,58222,6.5,80000000,71523271,PG-13,12-Oct-01,Comedy, Crime, Drama
Hollywood Homicide,tt0329717,Harrison Ford, Josh Hartnett, Lena Olin,Ron Shelton,184932277,45718,2003,84268,103,4,32056,5.3,75000000,50409753,PG-13,13-Jun-03,Action, Comedy, Crime
Unbreakable,tt0217869,Bruce Willis, Samuel L. Jackson, Robin Wright,M. Night Shyamalan,55956848,49706392,2000,2810918,3451,151,261747,7.2,75000000,248099143,PG-13,22-Nov-00,Drama, Mystery, Sci-Fi
Snake Eyes,tt0120832,Nicolas Cage, Gary Sinise, John Heard,Brian De Palma,5023915,49073571,1998,64368,22,1,65875,5.9,69000000,103891409,R,7-Aug-98,Crime, Mystery, Thriller
Funny People,tt1201167,Adam Sandler, Seth Rogen, Leslie Mann,Judd Apatow,68354637,27098853,2009,2503228,2823,241,102750,6.4,75000000,71880305,R,31-Jul-09,Comedy, Drama,
Talladega Nights: The Ballad of Ricky Bobby,tt0415306,Will Ferrell, John C. Reilly, Sacha Baron Cohen,Adam McKay,33190637,58356831,2006,221480,54,2,136192,6.6,73000000,162870525,PG-13,4-Aug-06,Action, Comedy, Sport
Signs,tt0286106,Mel Gibson, Joaquin Phoenix, Rory Culkin,M. Night Shyamalan,49068174,60754126,2002,2540172,14539,792,283260,6.7,72000000,408269295,PG-13,2-Aug-02,Drama, Mystery, Sci-Fi
Hook,tt0102057,Dustin Hoffman, Robin Williams, Julia Roberts,Steven Spielberg,31359653,43834938,1991,297161,263,21,189641,6.7,70000000,300854823,PG,11-Dec-91,Adventure, Comedy, Family
SWAT,tt0257076,Samuel L. Jackson, Colin Farrell, Michelle Rodriguez,Clark Johnson,49706392,93196236,2003,8385164,7729,1101,122771,6,80000000,116643346,PG-13,8-Aug-03,Action, Adventure, Crime
Alvin and the Chipmunks: The Squeakquel,tt1231580,Zachary Levi, David Cross, Jason Lee,Betty Thomas,53716876,195533,2009,5519471,6078,1153,32995,4.5,75000000,443483213,PG,23-Dec-09,Animation, Comedy, Family
The Monuments Men,tt2177771,George Clooney, Matt Damon, Bill Murray,George Clooney,104329638,136623867,2014,479044,1576,188,106463,6.1,70000000,158702748,PG-13,7-Feb-14,Drama, War,
The Dilemma,tt1578275,Vince Vaughn, Kevin James, Jennifer Connelly,Ron Howard,60879424,85090007,2011,3807866,2879,232,44811,5.3,70000000,70546865,PG-13,14-Jan-11,Comedy, Drama,
Bad Company,tt0280486,Anthony Hopkins, Chris Rock, Peter Stormare,Joel Schumacher,102097638,19261972,2002,3147905,11448,247,40519,5.6,70000000,69157016,PG-13,7-Jun-02,Action, Adventure, Comedy
I Spy,tt0297181,Eddie Murphy, Owen Wilson, Famke Janssen,Betty Thomas,117777459,20660375,2002,16064863,37101,1687,42724,5.4,70000000,60279822,PG-13,1-Nov-02,Action, Adventure, Comedy
Harts War,tt0251114,Bruce Willis, Colin Farrell, Terrence Howard,Gregory Hoblit,55956848,93196236,2002,181275,307,12,44866,6.3,60000000,19003827,R,15-Feb-02,Drama, War,
Escape Plan,tt1211956,Sylvester Stallone, Arnold Schwarzenegger, Jim Caviezel,Mikael H�_fstr�_m,53918831,58744440,2013,6118406,11268,548,185075,6.7,50000000,103735965,R,18-Oct-13,Action, Crime, Mystery
The Score,tt0227445,Robert De Niro, Edward Norton, Marlon Brando,Frank Oz,64962645,81475107,2001,891787,594,30,104665,6.8,68000000,113542091,R,13-Jul-01,Crime, Drama, Thriller
Body of Lies,tt0758774,Leonardo DiCaprio, Russell Crowe, Mark Strong,Ridley Scott,220027943,120967406,2008,522257,606,44,180906,7.1,70000000,118556530,R,10-Oct-08,Action, Drama, Romance
Step Brothers,tt0838283,Will Ferrell, John C. Reilly, Mary Steenburgen,Adam McKay,33190637,58356831,2008,1047719,1460,63,219303,6.9,65000000,128468793,R,25-Jul-08,Comedy,,
Due Date,tt1231583,Robert Downey Jr., Zach Galifianakis, Michelle Monaghan,Todd Phillips,362607942,18953270,2010,877137,1265,47,281210,6.6,65000000,211739043,R,5-Nov-10,Comedy, Drama,
Fight Club,tt0137523,Edward Norton, Brad Pitt, Meat Loaf,David Fincher,81475107,85343206,1999,5071349,10537,353,1425849,8.8,63000000,100851897,R,15-Oct-99,Drama,,
Wyatt Earp,tt0111756,Kevin Costner, Dennis Quaid, Gene Hackman,Lawrence Kasdan,112100478,10621434,1994,32347,57,3,36820,6.6,63000000,25052000,PG-13,24-Jun-94,Adventure, Biography, Crime
Clear and Present Danger,tt0109444,Harrison Ford, Willem Dafoe, Anne Archer,Phillip Noyce,184932277,95577742,1994,39448,63,3,71891,6.9,62000000,207500000,PG-13,3-Aug-94,Action, Crime, Drama
Dragon Blade,tt3672840,Jackie Chan, John Cusack, Adrien Brody,Daniel Lee,54210376,9379170,2015,3263202,9212,706,13110,6.1,65000000,116864070,R,4-Sep-15,Action, Adventure, Drama
3000 Miles to Graceland,tt0233142,Kurt Russell, Kevin Costner, Courteney Cox,Demian Lichtenstein,53252595,112100478,2001,45717,172,8,38822,5.9,42000000,15346114,R,23-Feb-01,Action, Comedy, Crime
The Hateful Eight,tt3460252,Samuel L. Jackson, Kurt Russell, Jennifer Jason Leigh,Quentin Tarantino,49706392,53252595,2015,28168515,91406,4469,333154,7.8,44000000,145443360,R,30-Dec-15,Crime, Drama, Mystery
The Green Mile,tt0120689,Tom Hanks, David Morse, Michael Clarke Duncan,Frank Darabont,57619771,40419050,1999,3028376,6928,187,838192,8.5,60000000,290701374,R,10-Dec-99,Crime, Drama, Fantasy
2 Guns,tt1272878,Denzel Washington, Mark Wahlberg, Paula Patton,Baltasar Korm��kur,106585059,144799396,2013,1479637,2527,107,164264,6.7,61000000,73500000,R,2-Aug-13,Action, Comedy, Crime
Collateral,tt0369339,Tom Cruise, Jamie Foxx, Jada Pinkett Smith,Michael Mann,183502020,133746607,2004,3638950,20217,883,303403,7.6,65000000,217670152,R,6-Aug-04,Crime, Drama, Thriller
A Civil Action,tt0120633,John Travolta, Robert Duvall, Tony Shalhoub,Steven Zaillian,58368048,41881203,1998,235235,606,42,23825,6.5,60000000,56709981,PG-13,8-Jan-99,Drama,,
Reign of Fire,tt0253556,Christian Bale, Matthew McConaughey, Izabella Scorupco,Rob Bowman,217742101,136382857,2002,1441943,1253,82,110837,6.2,60000000,82150183,PG-13,12-Jul-02,Action, Adventure, Fantasy
Year One,tt1045778,Jack Black, Michael Cera, Oliver Platt,Harold Ramis,18400291,10332844,2009,1180900,1474,164,78390,4.9,60000000,57604723,PG-13,19-Jun-09,Adventure, Comedy,
Invictus,tt1057500,Morgan Freeman, Matt Damon, Tony Kgoroge,Clint Eastwood,78297584,136623867,2009,1645691,2570,110,129316,7.4,60000000,124514011,PG-13,11-Dec-09,Biography, Drama, History
Analyze That,tt0289848,Robert De Niro, Billy Crystal, Lisa Kudrow,Harold Ramis,64962645,99925140,2002,237678,394,14,71450,5.9,60000000,54994757,R,6-Dec-02,Comedy, Crime,
Mercury Rising,tt0120749,Bruce Willis, Alec Baldwin, Miko Hughes,Harold Becker,55956848,5792276,1998,198208,265,16,55889,6.1,60000000,32983332,R,3-Apr-98,Action, Crime, Drama
The Soloist,tt0821642,Jamie Foxx, Robert Downey Jr., Catherine Keener,Joe Wright,133746607,362607942,2009,221680,41,7,45143,6.7,60000000,38389024,PG-13,24-Apr-09,Biography, Drama, Music
The Legend of Bagger Vance,tt0146984,Will Smith, Matt Damon, Charlize Theron,Robert Redford,218238397,136623867,2000,493497,407,8,46814,6.7,60000000,39235486,PG-13,3-Nov-00,Drama, Fantasy, Sport
xXx: State of the Union,tt0329774,Willem Dafoe, Samuel L. Jackson, Ice Cube,Lee Tamahori,95577742,49706392,2005,1442616,1872,108,55158,4.3,87000000,71073932,PG-13,29-Apr-05,Action, Adventure, Crime
Priest,tt0822847,Paul Bettany, Karl Urban, Cam Gigandet,Scott Stewart,264405066,74334656,2011,5246236,13473,1334,99688,5.7,60000000,29100000,PG-13,13-May-11,Action, Fantasy, Horror
The Avengers,tt0848228,Robert Downey Jr., Chris Evans, Mark Ruffalo,Joss Whedon,362607942,332441346,2012,148923848,740537,19643,1037900,8.1,220000000,1519479547,PG-13,4-May-12,Action, Sci-Fi,
Holy Man,tt0120701,Eddie Murphy, Jeff Goldblum, Kelly Preston,Stephen Herek,117777459,48718288,1998,142781,29,5,16779,4.9,60000000,12069719,PG,9-Oct-98,Comedy, Drama,
The Internship,tt2234155,Vince Vaughn, Owen Wilson, Rose Byrne,Shawn Levy,60879424,20660375,2013,5676136,12918,686,164481,6.3,58000000,93672764,PG-13,7-Jun-13,Comedy,,
Red Tails,tt0485985,Terrence Howard, Cuba Gooding Jr., Nate Parker,Anthony Hemingway,16265203,9373570,2012,9351375,23506,1865,29514,5.9,58000000,50365498,PG-13,20-Jan-12,Action, Adventure, Drama
Thats My Boy,tt1232200,Adam Sandler, Andy Samberg, Leighton Meester,Sean Anders,68354637,13158901,2012,6972880,16622,2073,73478,5.6,70000000,36900000,R,15-Jun-12,Comedy, Drama,
Alvin and the Chipmunks,tt0952640,Jason Lee, David Cross, Cameron Richardson,Tim Hill,43522723,195533,2007,5038282,17346,3941,59728,5.2,60000000,362605033,PG,14-Dec-07,Animation, Comedy, Family
Crimson Tide,tt0112740,Denzel Washington, Gene Hackman, Matt Craven,Tony Scott,106585059,86959802,1995,8115576,34771,1296,83991,7.3,53000000,159387195,R,12-May-95,Action, Drama, Thriller
The Pursuit of Happyness,tt0454921,Will Smith, Jaden Smith, Thandie Newton,Gabriele Muccino,218238397,114287529,2006,1826229,4609,87,355003,8,55000000,307325633,PG-13,15-Dec-06,Biography, Drama,
Bowfinger,tt0131325,Steve Martin, Eddie Murphy, Heather Graham,Frank Oz,39767901,117777459,1999,143965,261,17,58400,6.4,55000000,98699769,PG-13,13-Aug-99,Comedy,,
Shanghai Noon,tt0184894,Jackie Chan, Owen Wilson, Lucy Liu,Tom Dey,54210376,20660375,2000,236567,23,1,100299,6.6,55000000,71189835,PG-13,26-May-00,Action, Adventure, Comedy
The Ghost and the Darkness,tt0116409,Michael Douglas, Val Kilmer, Tom Wilkinson,Stephen Hopkins,27872684,13903580,1996,532715,625,178,47582,6.8,55000000,38564422,R,11-Oct-96,Adventure, Drama, Horror
Instinct,tt0128278,Anthony Hopkins, Cuba Gooding Jr., Donald Sutherland,Jon Turteltaub,102097638,9373570,1999,6776937,2658,503,27973,6.5,55000000,34105207,R,4-Jun-99,Drama, Thriller,
Chain Reaction,tt0115857,Keanu Reeves, Morgan Freeman, Rachel Weisz,Andrew Davis,9024615,78297584,1996,667145,2137,60,41634,5.6,50000000,60209334,PG-13,2-Aug-96,Action, Drama, Sci-Fi
Black Mass,tt1355683,Johnny Depp, Joel Edgerton, Benedict Cumberbatch,Scott Cooper,104642616,62176645,2015,17084225,50445,2107,132452,6.9,53000000,98837872,R,18-Sep-15,Biography, Crime, Drama
Law Abiding Citizen,tt1197624,Jamie Foxx, Gerard Butler, Colm Meaney,F. Gary Gray,133746607,82109392,2009,3801234,6251,173,226644,7.4,50000000,131159781,R,16-Oct-09,Crime, Drama, Thriller
Catch Me If You Can,tt0264464,Leonardo DiCaprio, Tom Hanks, Christopher Walken,Steven Spielberg,220027943,57619771,2002,1877972,1400,41,572809,8,52000000,355612291,PG-13,25-Dec-02,Biography, Crime, Drama
Robin Hood: Prince of Thieves,tt0102798,Kevin Costner, Morgan Freeman, Mary Elizabeth Mastrantonio,Kevin Reynolds,112100478,78297584,1991,233694,410,28,150522,6.9,48000000,390500000,PG-13,14-Jun-91,Action, Adventure, Drama
Jerry Maguire,tt0116695,Tom Cruise, Cuba Gooding Jr., Ren��e Zellweger,Cameron Crowe,183502020,9373570,1996,520571,93,4,197608,7.3,50000000,274000000,R,13-Dec-96,Comedy, Drama, Romance
Anchorman 2: The Legend Continues,tt1229340,Will Ferrell, Steve Carell, Paul Rudd,Adam McKay,33190637,122063724,2013,7222869,18297,1697,137367,6.3,50000000,76820043,PG-13,18-Dec-13,Comedy,,
Moneyball,tt1210166,Brad Pitt, Jonah Hill, Philip Seymour Hoffman,Bennett Miller,85343206,114847164,2011,452025,628,33,294535,7.6,50000000,111300835,PG-13,23-Sep-11,Biography, Drama, Sport
Shanghai Knights,tt0300471,Jackie Chan, Owen Wilson, Aaron Taylor-Johnson,David Dobkin,54210376,20660375,2003,227495,12,0,84771,6.2,50000000,88316835,PG-13,7-Feb-03,Action, Adventure, Comedy
The Game,tt0119174,Michael Douglas, Sean Penn, Deborah Kara Unger,David Fincher,27872684,42930943,1997,14922017,217946,7104,275330,7.8,50000000,8758154,R,12-Sep-97,Drama, Mystery, Thriller
The Replacements,tt0191397,Keanu Reeves, Gene Hackman, Brooke Langton,Howard Deutch,9024615,86959802,2000,134929,215,9,49744,6.5,50000000,50054511,PG-13,11-Aug-00,Comedy, Sport,
The Judge,tt1872194,Robert Downey Jr., Robert Duvall, Vera Farmiga,David Dobkin,362607942,41881203,2014,6079176,14145,651,144811,7.4,50000000,76119388,R,10-Oct-14,Crime, Drama,
The Life Aquatic with Steve Zissou,tt0362270,Bill Murray, Owen Wilson, Cate Blanchett,Wes Anderson,91776617,20660375,2004,814238,1443,72,145628,7.3,50000000,34806726,R,25-Dec-04,Adventure, Comedy, Drama
Run All Night,tt2199571,Liam Neeson, Ed Harris, Joel Kinnaman,Jaume Collet-Serra,5982169,58415215,2015,8763366,17261,732,81114,6.6,50000000,66961644,R,13-Mar-15,Action, Crime, Drama
Mad City,tt0119592,John Travolta, Dustin Hoffman, Mia Kirshner,Costa-Gavras,58368048,31359653,1997,226032,1198,20,16924,6.2,50000000,10561038,PG-13,7-Nov-97,Crime, Drama, Thriller
Death to Smoochy,tt0266452,Robin Williams, Edward Norton, Catherine Keener,Danny DeVito,43834938,81475107,2002,235280,10,0,35362,6.4,55000000,8374062,R,29-Mar-02,Comedy, Crime, Drama
Three Kings,tt0120188,George Clooney, Mark Wahlberg, Ice Cube,David O. Russell,104329638,144799396,1999,807924,781,56,141660,7.1,48000000,107752036,R,1-Oct-99,Action, Adventure, Comedy
3:10 to Yuma,tt0381849,Russell Crowe, Christian Bale, Logan Lerman,James Mangold,120967406,217742101,2007,279621,325,16,246193,7.7,55000000,53574088,R,7-Sep-07,Adventure, Crime, Drama
The Cable Guy,tt0115798,Jim Carrey, Matthew Broderick, Leslie Mann,Ben Stiller,36465685,23121740,1996,760188,995,64,126526,6,47000000,102825796,PG-13,14-Jun-96,Comedy, Drama, Thriller
Journey to the Center of the Earth,tt0373051,Brendan Fraser, Josh Hutcherson, Anita Briem,Eric Brevig,57219513,132569239,2008,625211,752,76,89856,5.8,45000000,101653320,PG,11-Jul-08,Action, Adventure, Family
The Bucket List,tt0825232,Jack Nicholson, Morgan Freeman, Sean Hayes,Rob Reiner,100178274,78297584,2007,4612529,8999,682,192251,7.4,45000000,174810815,PG-13,11-Jan-08,Adventure, Comedy, Drama
Prisoners,tt1392214,Hugh Jackman, Jake Gyllenhaal, Viola Davis,Denis Villeneuve,87210690,37667610,2013,23874791,172490,3725,422689,8.1,46000000,113402302,R,20-Sep-13,Crime, Drama, Mystery
Changing Lanes,tt0264472,Ben Affleck, Samuel L. Jackson, Kim Staunton,Roger Michell,148995615,49706392,2002,286746,135,15,59172,6.5,45000000,66790248,R,12-Apr-02,Drama, Thriller,
Kicking  Screaming,tt0384642,Will Ferrell, Robert Duvall, Mike Ditka,Jesse Dylan,33190637,41881203,2005,284696,306,19,30837,5.6,45000000,52580895,PG,13-May-05,Comedy, Family, Romance
Argo,tt1024648,Ben Affleck, Bryan Cranston, Alan Arkin,Ben Affleck,148995615,42957951,2012,1285999,2195,329,473162,7.7,44500000,227140757,R,12-Oct-12,Biography, Drama, History
The Fugitive,tt0106977,Harrison Ford, Tommy Lee Jones, Sela Ward,Andrew Davis,184932277,88956281,1993,296834,415,22,220483,7.8,44000000,353715317,PG-13,6-Aug-93,Action, Crime, Drama
Sleepers,tt0117665,Kevin Bacon, Billy Crudup, Robert De Niro,Barry Levinson,10716632,26396617,1996,2145466,9606,465,159283,7.6,44000000,165600852,R,18-Oct-96,Crime, Drama, Thriller
Unleashed,tt0342258,Jet Li, Morgan Freeman, Bob Hoskins,Louis Leterrier,72968389,78297584,2005,1217225,3235,164,87814,7,45000000,49037621,R,13-May-05,Action, Crime, Drama
The Sixth Sense,tt0167404,Bruce Willis, Haley Joel Osment, Toni Collette,M. Night Shyamalan,55956848,4284689,1999,2603012,3704,198,736969,8.1,40000000,672806292,PG-13,6-Aug-99,Drama, Mystery, Thriller
American Hustle,tt1800241,Christian Bale, Bradley Cooper, Amy Adams,David O. Russell,217742101,122792643,2013,10272024,11590,1037,373268,7.3,40000000,257878294,R,20-Dec-13,Crime, Drama,
Lone Survivor,tt1091191,Mark Wahlberg, Taylor Kitsch, Emile Hirsch,Peter Berg,144799396,54459400,2013,19247531,42825,3414,215986,7.6,40000000,149804632,R,10-Jan-14,Action, Biography, Drama
Behind Enemy Lines,tt0159273,Owen Wilson, Gene Hackman, Gabriel Macht,John Moore,20660375,86959802,2001,460713,346,85,89077,6.4,40000000,58767833,PG-13,30-Nov-01,Action, Drama, Thriller
The Prestige,tt0482571,Hugh Jackman, Christian Bale, Michael Caine,Christopher Nolan,87210690,217742101,2006,512465,223,20,892251,8.5,40000000,104407366,PG-13,20-Oct-06,Drama, Mystery, Sci-Fi
Secret Window,tt0363988,Johnny Depp, John Turturro, Maria Bello,David Koepp,104642616,84708677,2004,845730,21,7,152444,6.6,40000000,92111551,PG-13,12-Mar-04,Mystery, Thriller,
The Rainmaker,tt0119978,Matt Damon, Danny DeVito, Claire Danes,Francis Ford Coppola,136623867,21060320,1997,263254,29,5,48344,7.1,40000000,45916769,PG-13,21-Nov-97,Crime, Drama, Thriller
Cirque du Freak: The Vampires Assistant,tt0450405,John C. Reilly, Josh Hutcherson, Chris Massoglia,Paul Weitz,58356831,132569239,2009,1660157,3621,332,36658,5.9,40000000,13838130,PG-13,23-Oct-09,Action, Adventure, Fantasy
The Fast and the Furious,tt0232500,Paul Walker, Vin Diesel, Michelle Rodriguez,Rob Cohen,54654188,108476005,2001,30840857,248561,12476,282637,6.7,38000000,206512310,PG-13,22-Jun-01,Action, Crime, Thriller
The Hangover,tt1119646,Bradley Cooper, Ed Helms, Zach Galifianakis,Todd Phillips,122792643,17053291,2009,14564666,37067,1807,606611,7.8,35000000,465764086,R,5-Jun-09,Comedy,,
Batman,tt0096895,Michael Keaton, Jack Nicholson, Kim Basinger,Tim Burton,136682184,100178274,1989,5268353,49567,1091,280816,7.6,35000000,411348924,PG-13,23-Jun-89,Action, Adventure,
There Be Dragons,tt1316616,Charlie Cox, Wes Bentley, Dougray Scott,Roland Joff��,26207011,68062699,2011,2151186,2498,434,3959,5.9,36000000,4020990,PG-13,25-Mar-11,Biography, Drama, War
The Man in the Iron Mask,tt0120744,Leonardo DiCaprio, Jeremy Irons, John Malkovich,Randall Wallace,220027943,60054917,1998,691185,1163,44,130522,6.5,35000000,56968169,PG-13,13-Mar-98,Action, Adventure,
Radio,tt0316465,Cuba Gooding Jr., Ed Harris, Alfre Woodard,Michael Tollin,9373570,58415215,2003,3211442,32587,861,33013,6.9,35000000,53293628,PG,24-Oct-03,Biography, Drama, Sport
Old Dogs,tt0976238,John Travolta, Robin Williams, Kelly Preston,Walt Becker,58368048,43834938,2009,2495677,2942,358,32054,5.4,35000000,95104304,PG,25-Nov-09,Comedy, Family,
Underworld: Rise of the Lycans,tt0834001,Michael Sheen, Bill Nighy, Rhona Mitra,Patrick Tatopoulos,38133609,12194110,2009,632001,657,39,127958,6.6,35000000,89102315,R,23-Jan-09,Action, Adventure, Fantasy
Heist,tt0252503,Gene Hackman, Danny DeVito, Delroy Lindo,David Mamet,86959802,21060320,2015,7637477,7949,493,28610,6.5,19000000,23287872,R,9-Nov-01,Action, Crime, Drama
Hoffa,tt0104427,Jack Nicholson, Danny DeVito, Armand Assante,Danny DeVito,100178274,21060320,1992,217888,323,13,17731,6.6,35000000,28391473,R,25-Dec-92,Biography, Crime, Drama
Concussion,tt3322364,Will Smith, Alec Baldwin, Albert Brooks,Peter Landesman,218238397,5792276,2015,20057220,24372,2346,58575,7.1,35000000,50363790,PG-13,25-Dec-15,Biography, Drama, Sport
Wonder Boys,tt0185014,Michael Douglas, Tobey Maguire, Frances McDormand,Curtis Hanson,27872684,30746754,2000,451340,774,27,55900,7.4,55000000,33422485,R,25-Feb-00,Comedy, Drama,
Broken City,tt1235522,Mark Wahlberg, Russell Crowe, Catherine Zeta-Jones,Allen Hughes,144799396,120967406,2013,1749856,1279,104,65709,6.2,35000000,34480045,R,18-Jan-13,Crime, Drama, Thriller
Flight of the Intruder,tt0099587,Danny Glover, Willem Dafoe, Brad Johnson,John Milius,10535299,95577742,1991,205090,201,9,4987,5.7,35000000,14587732,PG-13,18-Jan-91,Action, Drama, Thriller
The Tree of Life,tt0478304,Brad Pitt, Sean Penn, Jessica Chastain,Terrence Malick,85343206,42930943,2011,1493436,3590,130,140821,6.8,32000000,61721826,PG-13,17-May-11,Drama, Fantasy,
Sabotage,tt1742334,Arnold Schwarzenegger, Sam Worthington, Joe Manganiello,David Ayer,58744440,38715291,2014,4149303,7352,498,49357,5.7,35000000,18376443,R,28-Mar-14,Action, Crime, Drama
Stolen,tt1656186,Nicolas Cage, Josh Lucas, Danny Huston,Simon West,5023915,25580641,2012,4402109,3327,1314,38150,5.5,35000000,17967746,R,6-Sep-12,Action, Crime, Drama
A Few Good Men,tt0104257,Tom Cruise, Jack Nicholson, Demi Moore,Rob Reiner,183502020,100178274,1992,1030726,1119,41,189919,7.6,40000000,236500000,R,11-Dec-92,Drama, Thriller,
Pushing Tin,tt0120797,John Cusack, Billy Bob Thornton, Cate Blanchett,Mike Newell,9379170,44397438,1999,67090,23,0,25327,6,38000000,8408835,R,23-Apr-99,Comedy, Drama, Romance
Elf,tt0319343,Will Ferrell, James Caan, Bob Newhart,Jon Favreau,33190637,1204356,2003,908820,1250,97,158253,6.9,33000000,220236410,PG,7-Nov-03,Comedy, Family, Fantasy
Men of Honor,tt0203019,Robert De Niro, Cuba Gooding Jr., Charlize Theron,George Tillman Jr.,64962645,9373570,2000,249531,789,19,91785,7.2,32000000,82339483,R,10-Nov-00,Biography, Drama,
Big Mommas: Like Father Like Son,tt1464174,Martin Lawrence, Brandon T. Jackson, Jessica Lucas,John Whitesell,65098309,14098714,2011,292317,687,41,20650,4.4,32000000,37911876,PG-13,18-Feb-11,Action, Comedy, Crime
The Incredible Burt Wonderstone,tt0790628,Steve Carell, Steve Buscemi, Olivia Wilde,Don Scardino,122063724,3541611,2013,2028231,4620,171,62380,5.9,30000000,27392609,PG-13,15-Mar-13,Comedy,,
Criminal,tt3014866,Kevin Costner, Gary Oldman, Tommy Lee Jones,Ariel Vromen,112100478,152878928,2016,8354607,19681,742,36256,6.3,31500000,36131497,R,15-Apr-16,Action, Crime, Drama
Ghostbusters,tt0087332,Bill Murray, Dan Aykroyd, Sigourney Weaver,Ivan Reitman,91776617,75627836,2016,47935163,333853,1132227,285775,7.8,144000000,229034050,PG,8-Jun-84,Action, Adventure, Comedy
Get Shorty,tt0113161,John Travolta, Gene Hackman, Rene Russo,Barry Sonnenfeld,58368048,86959802,1995,168473,222,10,64564,6.9,30250000,115021008,R,20-Oct-95,Comedy, Crime, Thriller
Toy Story,tt0114709,Tom Hanks, Tim Allen, Don Rickles,John Lasseter,57619771,15245929,1995,8788185,5756,2088,659999,8.3,30000000,364545516,G,22-Nov-95,Animation, Adventure, Comedy
Extraordinary Measures,tt1244659,Brendan Fraser, Harrison Ford, Keri Russell,Tom Vaughan,57219513,184932277,2010,452390,765,48,14608,6.5,31000000,15826984,PG,22-Jan-10,Drama,,
Mystic River,tt0327056,Sean Penn, Tim Robbins, Kevin Bacon,Clint Eastwood,42930943,2913989,2003,278190,353,30,351200,8,25000000,156822020,R,15-Oct-03,Crime, Drama, Mystery
Analyze This,tt0122933,Robert De Niro, Billy Crystal, Lisa Kudrow,Harold Ramis,64962645,99925140,1999,76853,168,6,126882,6.7,30000000,176885658,R,5-Mar-99,Comedy, Crime,
Legends of the Fall,tt0110322,Brad Pitt, Anthony Hopkins, Aidan Quinn,Edward Zwick,85343206,102097638,1994,1682928,1811,87,117390,7.5,30000000,160502573,R,13-Jan-95,Drama, Romance, War
Looper,tt1276104,Joseph Gordon-Levitt, Bruce Willis, Emily Blunt,Rian Johnson,152842629,55956848,2012,8134869,14796,590,446221,7.4,30000000,170466405,R,28-Sep-12,Action, Crime, Drama
The Nut Job,tt1821658,Will Arnett, Brendan Fraser, Liam Neeson,Peter Lepeniotis,116056753,57219513,2014,5790830,6165,1148,20767,5.8,42000000,122529966,PG,17-Jan-14,Animation, Adventure, Comedy
Secondhand Lions,tt0327137,Michael Caine, Robert Duvall, Haley Joel Osment,Tim McCanlies,239839671,41881203,2003,165786,153,4,44517,7.6,30000000,47902566,PG,19-Sep-03,Comedy, Drama, Family
Whats the Worst That Could Happen,tt0161083,Martin Lawrence, Danny DeVito, John Leguizamo,Sam Weisman,65098309,21060320,2001,180526,178,13,12798,5.5,45000000,31090224,PG-13,1-Jun-01,Comedy, Crime,
Pride and Glory,tt0482572,Colin Farrell, Edward Norton, Jon Voight,Gavin O'Connor,93196236,81475107,2008,1747366,1226,80,54186,6.7,30000000,43440721,R,24-Oct-08,Crime, Drama, Thriller
The Imaginarium of Doctor Parnassus,tt1054606,Andrew Garfield, Christopher Plummer, Richard Riddell,Terry Gilliam,33468578,7077825,2009,887214,2558,72,129459,6.8,40000000,64352607,PG-13,8-Jan-10,Adventure, Fantasy, Mystery
Runner Runner,tt2364841,Justin Timberlake, Ben Affleck, Gemma Arterton,Brad Furman,85437510,148995615,2013,10769849,38322,1123,53566,5.6,30000000,60512680,R,4-Oct-13,Crime, Thriller,
Glory,tt0097441,Matthew Broderick, Denzel Washington, Cary Elwes,Edward Zwick,23121740,106585059,1989,550055,730,30,105022,7.9,18000000,3560,R,16-Feb-90,Biography, Drama, History
United Passions,tt2814362,Tim Roth, Sam Neill, Fisher Stevens,Fr��d��ric Auburtin,17114323,7443792,2014,1603673,5231,859,3454,2.1,24000000,168832,NOT RATED,19-Jun-14,Drama, History, Sport
Role Models,tt0430922,Seann William Scott, Paul Rudd, Christopher Mintz-Plasse,David Wain,151234685,98867410,2008,1166214,1433,60,199218,6.9,28000000,94500826,R,7-Nov-08,Comedy,,
Last Vegas,tt1204975,Michael Douglas, Robert De Niro, Morgan Freeman,Jon Turteltaub,27872684,64962645,2013,2608546,5387,320,111366,6.6,28000000,112914167,PG-13,1-Nov-13,Comedy,,
Welcome Home Roscoe Jenkins,tt0494652,Martin Lawrence, James Earl Jones, Margaret Avery,Malcolm D. Lee,65098309,61310755,2008,158285,189,13,11089,5.3,35000000,42168445,PG-13,8-Feb-08,Comedy, Romance,
The Jungle Book,tt3040964,Neel Sethi, Bill Murray, Ben Kingsley,Jon Favreau,481950561,91776617,2016,44074897,151906,7355,185876,7.5,175000000,963901123,PG,15-Apr-16,Adventure, Drama, Family
Lucky Number Slevin,tt0425210,Josh Hartnett, Bruce Willis, Lucy Liu,Paul McGuigan,45718,55956848,2006,1025772,1152,67,269706,7.8,27000000,55495466,R,7-Apr-06,Crime, Drama, Mystery
What Just Happened,tt0486674,Robert De Niro, Sean Penn, Catherine Keener,Barry Levinson,64962645,42930943,2008,300646,206,14,24167,5.7,25000000,2412123,R,31-Oct-08,Comedy, Drama,
Open Range,tt0316356,Robert Duvall, Kevin Costner, Annette Bening,Kevin Costner,41881203,112100478,2003,363798,374,27,55781,7.5,22000000,68613992,R,15-Aug-03,Drama, Romance, Western
Legion,tt1038686,Paul Bettany, Lucas Black, Tyrese Gibson,Scott Stewart,264405066,39317834,2010,6119034,31073,1329,83386,5.2,26000000,67647574,R,22-Jan-10,Action, Fantasy, Horror
Pain  Gain,tt1980209,Mark Wahlberg, Dwayne Johnson, Anthony Mackie,Michael Bay,144799396,65769648,2013,19114625,42864,2523,167512,6.5,26000000,49300000,R,26-Apr-13,Comedy, Crime, Drama
Silverado,tt0090022,Kevin Kline, Scott Glenn, Kevin Costner,Lawrence Kasdan,23392420,77508927,1985,85659,31,2,29207,7.2,26000000,33200000,PG-13,10-Jul-85,Action, Crime, Drama
Brothers,tt0765010,Tobey Maguire, Jake Gyllenhaal, Natalie Portman,Jim Sheridan,30746754,37667610,2009,18259881,73478,5450,91833,7.1,26000000,28501651,R,4-Dec-09,Drama, Thriller, War
Rain Man,tt0095953,Dustin Hoffman, Tom Cruise, Valeria Golino,Barry Levinson,31359653,183502020,1988,1123550,2011,67,397166,8,25000000,412800000,R,16-Dec-88,Drama,,
Nothing to Lose,tt0119807,Martin Lawrence, Tim Robbins, John C. McGinley,Steve Oedekerk,65098309,2913989,1997,556695,466,21,37281,6.7,25000000,64594061,R,18-Jul-97,Action, Adventure, Comedy
The Shawshank Redemption,tt0111161,Tim Robbins, Morgan Freeman, Bob Gunton,Frank Darabont,2913989,78297584,1994,923629,1369,71,1786262,9.3,25000000,28307092,R,14-Oct-94,Crime, Drama,
Warrior,tt1291584,Joel Edgerton, Tom Hardy, Nick Nolte,Gavin O'Connor,62176645,131643068,2011,4919459,10042,489,351191,8.2,25000000,24215385,PG-13,9-Sep-11,Action, Drama, Sport
Point Break,tt0102685,Patrick Swayze, Keanu Reeves, Gary Busey,Kathryn Bigelow,1635389,9024615,2015,22929170,48705,14184,118049,7.2,105000000,128131571,R,12-Jul-91,Action, Crime, Drama
The Men Who Stare at Goats,tt1234548,George Clooney, Ewan McGregor, Jeff Bridges,Grant Heslov,104329638,152579280,2009,2277594,4464,592,112131,6.2,25000000,67348218,R,6-Nov-09,Comedy, War,
Joy Ride,tt0206314,Steve Zahn, Paul Walker, Leelee Sobieski,John Dahl,41882872,54654188,2001,1180814,1229,272,54936,6.6,23000000,21973182,R,5-Oct-01,Mystery, Thriller,
Delivery Man,tt2387559,Vince Vaughn, Chris Pratt, Cobie Smulders,Ken Scott,60879424,230628981,2013,3588893,8898,443,62610,6.4,26000000,70536870,PG-13,22-Nov-13,Comedy, Drama,
Saving Silverman,tt0239948,Steve Zahn, Jack Black, Jason Biggs,Dennis Dugan,41882872,18400291,2001,375624,547,15,34049,5.9,22000000,25873142,PG-13,9-Feb-01,Comedy, Crime, Romance
Stone,tt1423995,Robert De Niro, Edward Norton, Milla Jovovich,John Curran,64962645,81475107,2010,7337154,5785,435,35797,5.4,22000000,4065020,R,22-Oct-10,Drama, Thriller,
Arlington Road,tt0137363,Jeff Bridges, Tim Robbins, Joan Cusack,Mark Pellington,101324047,2913989,1999,123072,150,11,71792,7.2,21500000,24419219,R,9-Jul-99,Crime, Drama, Thriller
Moonlight Mile,tt0179098,Jake Gyllenhaal, Dustin Hoffman, Susan Sarandon,Brad Silberling,37667610,31359653,2002,43041,60,0,12261,6.7,21000000,6830957,PG-13,4-Oct-02,Drama, Romance,
The Jungle Book 2,tt0283426,John Goodman, Haley Joel Osment, Mae Whitman,Steve Trenbirth,112889565,4284689,2003,9694178,16590,2276,12208,5.4,20000000,47840957,G,14-Feb-03,Animation, Adventure, Family
Conan the Barbarian,tt0082198,Arnold Schwarzenegger, James Earl Jones, Max von Sydow,John Milius,58744440,61310755,1982,10585481,3141,1956,116809,6.9,20000000,63356133,R,14-May-82,Adventure, Fantasy,
Spotlight,tt1895587,Mark Ruffalo, Michael Keaton, Rachel McAdams,Tom McCarthy,224670158,136682184,2015,2478245,7888,559,258883,8.1,20000000,92217729,R,20-Nov-15,Crime, Drama, History
Milk,tt1013753,Sean Penn, Emile Hirsch, Josh Brolin,Gus Van Sant,42930943,23474862,2008,217662,292,49,141972,7.6,20000000,57293371,R,30-Jan-09,Biography, Drama, History
The Quiet American,tt0258068,Michael Caine, Brendan Fraser, Do Thi Hai Yen,Phillip Noyce,239839671,57219513,2002,60036,71,7,24363,7.1,30000000,26348203,R,7-Mar-03,Drama, Mystery, Romance
The Weather Man,tt0384680,Nicolas Cage, Michael Caine, Hope Davis,Gore Verbinski,5023915,239839671,2005,292625,311,21,70422,6.6,22000000,15466961,R,28-Oct-05,Comedy, Drama,
Death Sentence,tt0804461,Kevin Bacon, Garrett Hedlund, Kelly Preston,James Wan,10716632,79943701,2007,462280,795,27,61117,6.8,20000000,16907831,R,31-Aug-07,Action, Crime, Thriller
Princess Mononoke,tt0119698,Billy Crudup, Billy Bob Thornton, Minnie Driver,Hayao Miyazaki,26396617,44397438,1997,1896767,7796,207,239210,8.4,2400000000,150350000,PG-13,12-Jul-97,Animation, Adventure, Fantasy
The Yards,tt0138946,Mark Wahlberg, Joaquin Phoenix, Charlize Theron,James Gray,144799396,60754126,2000,41762,47,4,16601,6.4,24000000,2282710,R,27-Oct-00,Crime, Drama, Romance
The Game of Their Lives,tt0354595,Gerard Butler, Wes Bentley, Jay Rodan,David Anspaugh,82109392,68062699,2005,74283,46,1,2691,6.2,20000000,375474,PG,22-Apr-05,Drama, History, Sport
The Bounty,tt0086993,Mel Gibson, Anthony Hopkins, Laurence Olivier,Roger Donaldson,49068174,102097638,1984,1535254,2509,475,18793,7,25000000,8613462,PG,4-May-84,Action, Adventure, Drama
Glory,tt0097441,Matthew Broderick, Denzel Washington, Cary Elwes,Edward Zwick,23121740,106585059,1989,550073,730,30,105022,7.9,18000000,3560,R,16-Feb-90,Biography, Drama, History
The Tailor of Panama,tt0236784,Pierce Brosnan, Geoffrey Rush, Jamie Lee Curtis,John Boorman,5864146,152387163,2001,87096,65,2,24467,6.1,18000000,13123070,R,30-Mar-01,Comedy, Drama, Thriller
Superbad,tt0829482,Jonah Hill, Michael Cera, Christopher Mintz-Plasse,Greg Mottola,114847164,10332844,2007,2515920,3635,136,438087,7.6,20000000,169955142,R,17-Aug-07,Comedy,,
Hitman,tt0465494,Timothy Olyphant, Dougray Scott, Olga Kurylenko,Xavier Gens,42696218,6451401,2007,3358594,6643,358,144038,6.3,24000000,99135571,R,21-Nov-07,Action, Crime, Drama
TRON: Legacy,tt1104001,Jeff Bridges, Garrett Hedlund, Olivia Wilde,Joseph Kosinski,101324047,79943701,2010,15416629,29028,1100,271531,6.8,170000000,397562763,PG,17-Dec-10,Action, Adventure, Sci-Fi
The Illusionist,tt0443543,Edward Norton, Paul Giamatti, Jessica Biel,Neil Burger,81475107,45347686,2006,2755376,3568,118,307606,7.6,16000000,39680302,PG-13,1-Sep-06,Drama, Mystery, Romance
The Illusionist,tt0443543,Edward Norton, Paul Giamatti, Jessica Biel,Neil Burger,81475107,45347686,2006,2755376,3568,118,307606,7.6,16000000,39680302,PG-13,1-Sep-06,Drama, Mystery, Romance
Moonrise Kingdom,tt1748122,Bruce Willis, Edward Norton, Bill Murray,Wes Anderson,55956848,81475107,2012,2080501,5906,143,250851,7.8,16000000,68582095,PG-13,29-Jun-12,Adventure, Comedy, Drama
Philadelphia,tt0107818,Tom Hanks, Denzel Washington, Roberta Maxwell,Jonathan Demme,57619771,106585059,1993,827740,599,42,185977,7.7,26000000,201324422,PG-13,14-Jan-94,Drama,,
Twins,tt0096320,Arnold Schwarzenegger, Danny DeVito, Kelly Preston,Ivan Reitman,58744440,21060320,1988,3341932,13007,493,91217,6,15000000,216600000,PG,9-Dec-88,Comedy, Crime,
Wag the Dog,tt0120885,Dustin Hoffman, Robert De Niro, Anne Heche,Barry Levinson,31359653,64962645,1997,10308410,22908,1168,69374,7.1,15000000,64252038,R,9-Jan-98,Comedy, Drama,
Snitch,tt0882977,Dwayne Johnson, Barry Pepper, Jon Bernthal,Ric Roman Waugh,65769648,80745497,2013,7347141,9751,511,67370,6.5,15000000,57907734,PG-13,22-Feb-13,Action, Drama, Thriller
Clash of the Titans,tt0800320,Sam Worthington, Liam Neeson, Ralph Fiennes,Louis Leterrier,38715291,5982169,2010,179292,274,21,235875,5.8,125000000,163100000,PG-13,2-Apr-10,Action, Adventure, Fantasy
Brazil,tt0088846,Jonathan Pryce, Robert De Niro, Katherine Helmond,Terry Gilliam,4646016,64962645,1985,973484,1909,94,157338,8,15000000,9929135,R,18-Dec-85,Drama, Sci-Fi,
Three Burials,tt0419294,Tommy Lee Jones, Barry Pepper, Julio Cesar Cedillo,Tommy Lee Jones,88956281,80745497,2005,121929,117,13,34932,7.4,15000000,13454474,R,24-Feb-06,Adventure, Crime, Drama
Kiss Kiss Bang Bang,tt0373469,Robert Downey Jr., Val Kilmer, Michelle Monaghan,Shane Black,362607942,13903580,2005,698723,1145,38,182486,7.6,15000000,16829464,R,18-Nov-05,Comedy, Crime, Mystery
Buffalo Soldiers,tt0252299,Joaquin Phoenix, Ed Harris, Scott Glenn,Gregor Jordan,60754126,58415215,2001,44783,79,9,21109,6.9,15000000,353743,R,31-Oct-02,Comedy, Crime, Drama
A Perfect Getaway,tt0971209,Steve Zahn, Timothy Olyphant, Milla Jovovich,David Twohy,41882872,42696218,2009,2435081,2078,178,58107,6.5,14000000,22815460,R,7-Aug-09,Adventure, Mystery, Thriller
Brokeback Mountain,tt0388795,Heath Ledger, Jake Gyllenhaal, Randy Quaid,Ang Lee,72457700,37667610,2005,510259,907,106,270026,7.7,14000000,177012173,R,13-Jan-06,Drama, Romance,
Dude Wheres My Car,tt0242423,Ashton Kutcher, Seann William Scott, Jennifer Garner,Danny Leiner,45187447,151234685,2000,2779782,9484,304,119623,5.5,13000000,44992961,PG-13,15-Dec-00,Comedy, Mystery, Sci-Fi
Resurrecting the Champ,tt0416185,Samuel L. Jackson, Josh Hartnett, Kathryn Morris,Rod Lurie,49706392,45718,2007,18774,18,1,18793,6.7,13000000,3260555,PG-13,24-Aug-07,Drama, Sport,
Brothers,tt0765010,Tobey Maguire, Jake Gyllenhaal, Natalie Portman,Jim Sheridan,30746754,37667610,2009,18260011,73478,5450,91833,7.1,26000000,28501651,R,4-Dec-09,Drama, Thriller, War
The Emperors Club,tt0283530,Kevin Kline, Emile Hirsch, Embeth Davidtz,Michael Hoffman,23392420,23474862,2002,285194,376,15,14791,6.9,12500000,13954465,PG-13,22-Nov-02,Drama,,
The Alamo,tt0318974,Dennis Quaid, Billy Bob Thornton, Jason Patric,John Lee Hancock,10621434,44397438,2004,247329,411,48,17274,6,107000000,23911362,PG-13,9-Apr-04,Drama, History, War
The Fighter,tt0964517,Mark Wahlberg, Christian Bale, Amy Adams,David O. Russell,144799396,217742101,2010,4894801,16831,2076,285775,7.9,25000000,129262388,R,17-Dec-10,Biography, Drama, Sport
Frailty,tt0264616,Bill Paxton, Matthew McConaughey, Powers Boothe,Bill Paxton,28870219,136382857,2001,2903656,13729,242,63410,7.3,11000000,19947280,R,12-Apr-02,Crime, Drama, Thriller
Good Will Hunting,tt0119217,Matt Damon, Robin Williams, Ben Affleck,Gus Van Sant,136623867,43834938,1997,1176146,2214,39,643024,8.3,10000000,225933435,R,9-Jan-98,Drama,,
Killer Joe,tt1726669,Matthew McConaughey, Emile Hirsch, Juno Temple,William Friedkin,136382857,23474862,2011,1785625,2128,149,61609,6.7,11000000,4659110,R,29-Jun-12,Crime, Drama, Thriller
Adam Resurrected,tt0479341,Jeff Goldblum, Willem Dafoe, Derek Jacobi,Paul Schrader,48718288,95577742,2008,139127,102,25,3173,6.3,10000000,90909,R,12-Dec-08,Drama, War,
Boiler Room,tt0181984,Giovanni Ribisi, Vin Diesel, Nia Long,Ben Younger,197862206,108476005,2000,803277,611,31,42427,7,8000000,28773637,R,18-Feb-00,Crime, Drama, Thriller
Heist,tt0252503,Gene Hackman, Danny DeVito, Delroy Lindo,David Mamet,86959802,21060320,2015,7637530,7949,493,28610,6.5,19000000,23287872,R,9-Nov-01,Action, Crime, Drama
5050,tt1306980,Joseph Gordon-Levitt, Seth Rogen, Anna Kendrick,Jonathan Levine,152842629,27098853,2011,3010313,6411,240,278709,7.7,8000000,35005118,R,30-Sep-11,Comedy, Drama, Romance
Shadow of the Vampire,tt0189998,John Malkovich, Willem Dafoe, Udo Kier,E. Elias Merhige,34805278,95577742,2000,1126832,4099,134,34776,6.9,8000000,8279017,R,26-Jan-01,Drama, Horror,
Magic Mike,tt1915581,Matthew McConaughey, Channing Tatum, Olivia Munn,Steven Soderbergh,136382857,96576880,2012,50052914,113467,11206,112654,6.1,7000000,170549753,R,29-Jun-12,Comedy, Drama,
Layer Cake,tt0375912,Daniel Craig, Tom Hardy, Jamie Foreman,Matthew Vaughn,372774112,131643068,2004,1515791,1195,72,138586,7.4,4000000,11745931,R,3-Jun-05,Crime, Drama, Thriller
Pan,tt3332064,Hugh Jackman, Levi Miller, Garrett Hedlund,Joe Wright,87210690,16315388,2015,19142009,61681,4776,46851,5.8,150000000,123888320,PG,9-Oct-15,Adventure, Family, Fantasy
Exodus: Gods and Kings,tt1528100,Christian Bale, Joel Edgerton, John Turturro,Ridley Scott,217742101,62176645,2014,20087714,39649,4441,135686,6,140000000,268314513,PG-13,12-Dec-14,Action, Adventure, Drama
Planet of the Apes,tt0133152,Mark Wahlberg, Tim Roth, Helena Bonham Carter,Tim Burton,144799396,17114323,2001,20685770,137612,4568,183087,5.7,100000000,362211740,PG-13,27-Jul-01,Action, Adventure, Sci-Fi
The Cooler,tt0318374,William H. Macy, Alec Baldwin, Maria Bello,Wayne Kramer,18294194,5792276,2003,127690,103,8,29217,7,3200000,11131455,R,16-Jan-04,Crime, Drama, Fantasy
Major Dundee,tt0059418,Charlton Heston, Richard Harris, Jim Hutton,Sam Peckinpah,79426161,48674648,1965,72341,33,0,5537,6.8,3800000,14873,APPROVED,15-Mar-65,Adventure, War, Western
Midnight Cowboy,tt0064665,Dustin Hoffman, Jon Voight, Sylvia Miles,John Schlesinger,31359653,56198494,1969,128651,306,9,79863,7.9,3600000,44785053,R,16-Jun-69,Drama,,
Gods and Monsters,tt0120684,Ian McKellen, Brendan Fraser, Lynn Redgrave,Bill Condon,187715569,57219513,1998,958821,2736,157,25470,7.5,3500000,6451628,R,4-Nov-98,Biography, Drama,
Beginners,tt1532503,Ewan McGregor, Christopher Plummer, M��lanie Laurent,Mike Mills,152579280,7077825,2010,1037340,2178,151,76218,7.2,3200000,14314407,R,9-Jun-11,Comedy, Drama, Romance
Mercury Rising,tt0120749,Bruce Willis, Alec Baldwin, Miko Hughes,Harold Becker,55956848,5792276,1998,198216,265,16,55889,6.1,60000000,32983332,R,3-Apr-98,Action, Crime, Drama
Lucky Number Slevin,tt0425210,Josh Hartnett, Bruce Willis, Lucy Liu,Paul McGuigan,45718,55956848,2006,1025810,1152,67,269706,7.8,27000000,55495466,R,7-Apr-06,Crime, Drama, Mystery
Snitch,tt0882977,Dwayne Johnson, Barry Pepper, Jon Bernthal,Ric Roman Waugh,65769648,80745497,2013,7347194,9752,511,67370,6.5,15000000,57907734,PG-13,22-Feb-13,Action, Drama, Thriller
Sabotage,tt1742334,Arnold Schwarzenegger, Sam Worthington, Joe Manganiello,David Ayer,58744440,38715291,2014,4007198,8550,512,49357,5.7,35000000,18376443,R,28-Mar-14,Action, Crime, Drama
